rsid	variantId	pos_b38	pValue	NES	min_dist_bp_to_TSP_block
rs67374096	chr4_70184903_T_C_b38	70184903	1.811e-06	-0.2222	159528
rs13152482	chr4_70189601_G_A_b38	70189601	1.811e-06	-0.2222	154830
rs35369338	chr4_70384739_CAT_C_b38	70384739	3.792e-06	-0.1901	39367
rs17713792	chr4_70288893_A_C_b38	70288893	4.174e-06	-0.2190	55538
rs777793	chr4_70235216_T_A_b38	70235216	7.291e-06	0.2010	109215
rs35550476	chr4_70396100_T_C_b38	70396100	8.637e-06	-0.1856	50728
rs34211101	chr4_70226634_C_A_b38	70226634	9.176e-06	-0.2168	117797
rs35537523	chr4_70229691_C_G_b38	70229691	9.176e-06	-0.2168	114740
rs78385545	chr4_70288109_G_A_b38	70288109	9.561e-06	-0.2114	56322
rs13126942	chr4_70289559_A_G_b38	70289559	9.561e-06	-0.2114	54872
rs13137983	chr4_70295112_C_T_b38	70295112	9.561e-06	-0.2114	49319
rs17714076	chr4_70297760_T_C_b38	70297760	9.561e-06	-0.2114	46671
rs10012916	chr4_70392995_T_C_b38	70392995	1.082e-05	-0.1795	47623
rs3775757	chr4_70203287_G_T_b38	70203287	1.171e-05	-0.2088	141144
rs35708113	chr4_70204708_G_T_b38	70204708	1.171e-05	-0.2088	139723
rs145327308	chr4_70209295_G_A_b38	70209295	1.171e-05	-0.2088	135136
rs79031295	chr4_70213165_C_T_b38	70213165	1.171e-05	-0.2088	131266
rs78719336	chr4_70353538_A_G_b38	70353538	1.196e-05	-0.2060	8166
rs17838970	chr4_70383059_G_T_b38	70383059	1.298e-05	-0.1950	37687
rs777797	chr4_70227456_G_A_b38	70227456	1.518e-05	0.2152	116975
rs777794	chr4_70238500_A_G_b38	70238500	1.557e-05	0.2041	105931
rs28612397	chr4_70378787_C_T_b38	70378787	1.861e-05	-0.1816	33415
rs2046110	chr4_70240101_G_C_b38	70240101	2.465e-05	0.1976	104330
rs13122200	chr4_70245135_G_A_b38	70245135	2.465e-05	-0.1976	99296
rs3775746	chr4_70247304_C_T_b38	70247304	2.465e-05	-0.1976	97127
rs3822165	chr4_70247510_T_C_b38	70247510	2.465e-05	-0.1976	96921
rs3044781	chr4_70248792_AAAT_A_b38	70248792	2.465e-05	-0.1976	95639
rs3775740	chr4_70249336_T_A_b38	70249336	2.465e-05	-0.1976	95095
rs3775737	chr4_70249526_G_A_b38	70249526	2.465e-05	-0.1976	94905
rs71599933	chr4_70249833_A_G_b38	70249833	2.465e-05	-0.1976	94598
rs35651479	chr4_70252647_T_C_b38	70252647	2.465e-05	-0.1976	91784
rs35867762	chr4_70259744_C_A_b38	70259744	3.611e-05	-0.1931	84687
rs71599935	chr4_70265325_G_A_b38	70265325	3.611e-05	-0.1931	79106
rs17656090	chr4_70266488_A_C_b38	70266488	3.611e-05	-0.1931	77943
rs13136907	chr4_70267583_T_A_b38	70267583	3.611e-05	-0.1931	76848
rs10031674	chr4_70366507_G_A_b38	70366507	4.287e-05	-0.1379	21135
rs28805630	chr4_70377275_G_T_b38	70377275	4.287e-05	-0.1379	31903
rs76728002	chr4_70551824_C_T_b38	70551824	4.589e-05	-0.1807	206452
rs77177113	chr4_70554862_C_T_b38	70554862	4.589e-05	-0.1807	209490
rs10031844	chr4_70366671_G_A_b38	70366671	5.738e-05	-0.1327	21299
rs3775732	chr4_70367025_C_G_b38	70367025	5.738e-05	-0.1327	21653
rs34068389	chr4_70369122_TGGGAAAA_T_b38	70369122	5.738e-05	-0.1327	23750
rs34162390	chr4_70375377_T_C_b38	70375377	5.738e-05	-0.1327	30005
rs36189194	chr4_70375721_G_C_b38	70375721	5.738e-05	-0.1327	30349
rs193297959	chr4_70376674_G_T_b38	70376674	5.738e-05	-0.1327	31302
rs79129082	chr4_70377175_C_G_b38	70377175	5.738e-05	-0.1327	31803
rs71599949	chr4_70377523_C_T_b38	70377523	5.738e-05	-0.1327	32151
rs71599950	chr4_70378001_G_C_b38	70378001	5.738e-05	-0.1327	32629
rs71599951	chr4_70378080_A_C_b38	70378080	5.738e-05	-0.1327	32708
rs78549378	chr4_70208696_T_G_b38	70208696	5.977e-05	-0.2083	135735
