rsid	variant_b38	variant_b37	gtex_version	tissue	tested	pvalue	NES	SE	pvalue_threshold	MAF	genomewide_sig_for_MUC7
rs34735123	chr4_70344431_A_G_b38	4:71210148	gtex_v10	Minor_Salivary_Gland	True	0.1982750143345108	0.044330350411896036	0.03429520715194027	6.24279e-05	0.47777777777777775	NO
rs13101613	chr4_70344481_C_T_b38	4:71210198	gtex_v10	Minor_Salivary_Gland	True	0.1982750143345108	0.044330350411896036	0.03429520715194027	6.24279e-05	0.47777777777777775	NO
rs67708234	chr4_70344604_A_T_b38	4:71210321	gtex_v10	Minor_Salivary_Gland	True	0.1982750143345108	0.044330350411896036	0.03429520715194027	6.24279e-05	0.47777777777777775	NO
rs13134277	chr4_70344619_T_C_b38	4:71210336	gtex_v10	Minor_Salivary_Gland	True	0.1982750143345108	0.044330350411896036	0.03429520715194027	6.24279e-05	0.47777777777777775	NO
rs13148087	chr4_70345253_A_G_b38	4:71210970	gtex_v10	Minor_Salivary_Gland	True	0.1982750143345108	0.044330350411896036	0.03429520715194027	6.24279e-05	0.47777777777777775	NO
rs34735123	chr4_70344431_A_G_b38	4:71210148	gtex_v10	Skin_Sun_Exposed_Lower_leg	True	1.2529584246621344e-07	-0.19060309547109536	0.03567832013403485	0.000370827	0.46071904127829566	YES
rs13101613	chr4_70344481_C_T_b38	4:71210198	gtex_v10	Skin_Sun_Exposed_Lower_leg	True	1.2529584246621344e-07	-0.19060309547109536	0.03567832013403485	0.000370827	0.46071904127829566	YES
rs67708234	chr4_70344604_A_T_b38	4:71210321	gtex_v10	Skin_Sun_Exposed_Lower_leg	True	1.213303209476413e-07	-0.1911217136668636	0.03573479608507977	0.000370827	0.4600532623169108	YES
rs13134277	chr4_70344619_T_C_b38	4:71210336	gtex_v10	Skin_Sun_Exposed_Lower_leg	True	1.213303209476413e-07	-0.1911217136668636	0.03573479608507977	0.000370827	0.4600532623169108	YES
rs13148087	chr4_70345253_A_G_b38	4:71210970	gtex_v10	Skin_Sun_Exposed_Lower_leg	True	7.129902405674347e-08	-0.19460264963024368	0.03572111681657228	0.000370827	0.4613848202396804	YES
