region	variant_id_hg38	rsid	study_id	gwas_trait
1_106125135_106131147	1_105586967_A_G	rs1404009	GCST90476469	What is your weight? (pounds, inv-normal transformed)
1_106125135_106131147	1_105586967_A_G	rs1404009	GCST90479522	Body mass index (BMI, mean, inv-normal transformed)
1_106125135_106131147	1_105586967_A_G	rs1404009	GCST90479521	Body mass index (BMI, maximum, inv-normal transformed)
1_106125135_106131147	1_105586967_A_G	rs1404009	GCST90480726	Weight (maximum, inv-normal transformed)
1_247627001_247627001	1_247463699_G_A	rs10925043	GCST90691819	Mean platelet (thrombocyte) volume (UKB data field 30100)
2_42237228_42237228	2_42010088_G_A	rs35033846	GCST90446629	DXA-Bone mineral density (femur shaft) (UKB data field 23290)
2_42237228_42237228	2_42010088_G_A	rs35033846	GCST90309907	Ankle spacing width (UKB data field 3143)
2_42237228_42237228	2_42010088_G_A	rs35033846	GCST90476251	Hallux valgus (Bunion) (PheCode 735.3)
2_42237228_42237228	2_42010088_G_A	rs35033846	GCST90691860	Hand grip strength left (UKB data field 46)
2_42237228_42237228	2_42010088_G_A	rs35033846	GCST90691757	Sitting height (UKB data field 20015)
2_42237228_42237228	2_42010088_G_A	rs35033846	GCST90565845	Hand grip strength (baseline)
2_42237228_42237228	2_42010088_G_A	rs35033846	GCST90482704	Hip shape mode 1
2_42237228_42237228	2_42010088_G_A	rs35033846	GCST90014022	Bone mineral density
2_42237228_42237228	2_42010088_G_A	rs35033846	GCST90429606	Hand grip strength left (UKB data field 46)
2_42237228_42237228	2_42010088_G_A	rs35033846	GCST90480536	Hallux valgus (Bunion) (PheCode 735.3)
2_42237228_42237228	2_42010088_G_A	rs35033846	GCST90446628	DXA-Bone mineral density (femur neck) (UKB data field 23299)
2_42237228_42237228	2_42010088_G_A	rs35033846	GCST007691	Femoral neck bone mineral density
2_42237228_42237228	2_42010088_G_A	rs35033846	FINNGEN_R12_M13_HALLUXVALGUS	Hallux valgus (acquired)
2_42237228_42237228	2_42010088_G_A	rs35033846	GCST90310141	Ankle spacing width (UKB data field 3143)
2_42237228_42237228	2_42010088_G_A	rs35033846	GCST005795	Femoral neck bone mineral density
2_224638996_224638996	2_223774279_C_T	rs9797993	GCST90692695	Basal metabolic rate (UKB data field 23105)
2_224638996_224638996	2_223774279_C_T	rs9797993	GCST90692706	Arm predicted mass left (UKB data field 23126)
4_57918296_57919705	4_57052130_T_C	rs1713972	GCST90018739	Height
4_57918296_57919705	4_57052326_A_G	rs1718879	GCST90018739	Height
4_71386175_71386175	4_70520458_C_T	rs28421149	GCST90461957	Uterine fibroids
4_115378668_115379737	4_114457512_G_A	rs7698695	GCST90691570	Calcium levels
4_115378668_115379737	4_114457512_G_A	rs7698695	GCST90018951	Calcium levels
4_115378668_115379737	4_114457512_G_A	rs7698695	GCST90018935	Urolithiasis
4_115378668_115379737	4_114457512_G_A	rs7698695	GCST012398	Calcium levels
4_115378668_115379737	4_114457512_G_A	rs7698695	GCST90692826	Calcium levels
4_115378668_115379737	4_114457512_G_A	rs7698695	GCST90474334	Calcium levels (UKB data field 30680)
4_115378668_115379737	4_114457551_T_C	rs7676840	GCST90691570	Calcium levels
4_115378668_115379737	4_114457551_T_C	rs7676840	GCST90018951	Calcium levels
4_115378668_115379737	4_114457551_T_C	rs7676840	GCST90018935	Urolithiasis
4_115378668_115379737	4_114457551_T_C	rs7676840	GCST012398	Calcium levels
4_115378668_115379737	4_114457551_T_C	rs7676840	GCST90692826	Calcium levels
4_115378668_115379737	4_114457551_T_C	rs7676840	GCST90474334	Calcium levels (UKB data field 30680)
4_115378668_115379737	4_114457893_G_C	rs72674694	GCST90691570	Calcium levels
4_115378668_115379737	4_114457893_G_C	rs72674694	GCST90018951	Calcium levels
4_115378668_115379737	4_114457893_G_C	rs72674694	GCST90018935	Urolithiasis
4_115378668_115379737	4_114457893_G_C	rs72674694	GCST012398	Calcium levels
4_115378668_115379737	4_114457893_G_C	rs72674694	GCST90692826	Calcium levels
4_115378668_115379737	4_114457893_G_C	rs72674694	GCST90474334	Calcium levels (UKB data field 30680)
4_115378668_115379737	4_114457958_T_C	rs72674695	GCST90691570	Calcium levels
4_115378668_115379737	4_114457958_T_C	rs72674695	GCST90018951	Calcium levels
4_115378668_115379737	4_114457958_T_C	rs72674695	GCST90018935	Urolithiasis
4_115378668_115379737	4_114457958_T_C	rs72674695	GCST012398	Calcium levels
4_115378668_115379737	4_114457958_T_C	rs72674695	GCST90692826	Calcium levels
4_115378668_115379737	4_114457958_T_C	rs72674695	GCST90474334	Calcium levels (UKB data field 30680)
4_115378668_115379737	4_114457991_T_A	rs72674697	GCST90691570	Calcium levels
4_115378668_115379737	4_114457991_T_A	rs72674697	GCST90018951	Calcium levels
4_115378668_115379737	4_114457991_T_A	rs72674697	GCST90018935	Urolithiasis
4_115378668_115379737	4_114457991_T_A	rs72674697	GCST012398	Calcium levels
4_115378668_115379737	4_114457991_T_A	rs72674697	GCST90692826	Calcium levels
4_115378668_115379737	4_114457991_T_A	rs72674697	GCST90474334	Calcium levels (UKB data field 30680)
4_115378668_115379737	4_114458289_T_G	rs2388993	GCST90691570	Calcium levels
4_115378668_115379737	4_114458289_T_G	rs2388993	GCST90018951	Calcium levels
4_115378668_115379737	4_114458289_T_G	rs2388993	GCST90018935	Urolithiasis
4_115378668_115379737	4_114458289_T_G	rs2388993	GCST012398	Calcium levels
4_115378668_115379737	4_114458289_T_G	rs2388993	GCST90692826	Calcium levels
4_115378668_115379737	4_114458289_T_G	rs2388993	GCST90474334	Calcium levels (UKB data field 30680)
4_115378668_115379737	4_114458581_G_T	rs4419540	GCST90691570	Calcium levels
4_115378668_115379737	4_114458581_G_T	rs4419540	GCST90018951	Calcium levels
4_115378668_115379737	4_114458581_G_T	rs4419540	GCST90018935	Urolithiasis
4_115378668_115379737	4_114458581_G_T	rs4419540	GCST012398	Calcium levels
4_115378668_115379737	4_114458581_G_T	rs4419540	GCST90692826	Calcium levels
4_115378668_115379737	4_114458581_G_T	rs4419540	GCST90474334	Calcium levels (UKB data field 30680)
4_144655489_144662054	4_143734336_G_A	rs35230778	GCST90014012	Total bilirubin levels (UKB data field 30840)
4_144655489_144662054	4_143734336_G_A	rs35230778	GCST90018973	Total bilirubin levels
4_144655489_144662054	4_143734336_G_A	rs35230778	GCST90498339	Lactate levels
4_144655489_144662054	4_143734336_G_A	rs35230778	GCST90476349	red blood cell count (RBC, mean, inv-norm transformed)
4_144655489_144662054	4_143734336_G_A	rs35230778	GCST90010723	Arginine levels
4_144655489_144662054	4_143734336_G_A	rs35230778	GCST90002389	Lymphocyte percentage of white cells
4_144655489_144662054	4_143734336_G_A	rs35230778	GCST90309868	Red blood cell erythrocyte distribution width (UKB data field 30070)
4_144655489_144662054	4_143734336_G_A	rs35230778	GCST90476345	red blood cell count (RBC, maximum, inv-norm transformed)
4_144655489_144662054	4_143734336_G_A	rs35230778	GCST90498335	Lactate levels
4_144655489_144662054	4_143734336_G_A	rs35230778	GCST90479500	Hemoglobin A1c (HbA1c, maximum, inv-norm transformed)
4_144655489_144662054	4_143734336_G_A	rs35230778	GCST90474496	Red blood cell (erythrocyte) distribution width (UKB data field 30070)
4_144655489_144662054	4_143734336_G_A	rs35230778	GCST90281221	Reticulocyte production index
4_144655489_144662054	4_143734336_G_A	rs35230778	GCST90498331	Lactate levels
4_144655489_144662054	4_143734336_G_A	rs35230778	GCST90497295	Glucose levels
4_144655489_144662054	4_143734336_G_A	rs35230778	GCST90010735	Ornithine levels
4_144655489_144662054	4_143734336_G_A	rs35230778	GCST90692906	Comparative height size at age 10 (UKB data field 1697)
4_144655489_144662054	4_143734336_G_A	rs35230778	GCST90013872	Total bilirubin levels (UKB data field 30840)
4_144655489_144662054	4_143734336_G_A	rs35230778	GCST90501109	Glucose levels
4_144655489_144662054	4_143734336_G_A	rs35230778	GCST90501172	Lactate levels
4_144655489_144662054	4_143734336_G_A	rs35230778	GCST004621	Red cell distribution width
4_144655489_144662054	4_143734336_G_A	rs35230778	GCST90559246	Blood cell traits latent factor 4 (red cell)
4_144655489_144662054	4_143734336_G_A	rs35230778	GCST90002369	Red cell distribution width
4_144655489_144662054	4_143734336_G_A	rs35230778	GCST90281211	Red cell distribution width - standard deviation
4_144655489_144662054	4_143734336_G_A	rs35230778	GCST90691753	Comparative height size at age 10 (UKB data field 1697)
4_144655489_144662054	4_143734336_G_A	rs35230778	GCST007954	Glycated hemoglobin levels
4_144655489_144662054	4_143734400_G_C	rs35906127	GCST90014012	Total bilirubin levels (UKB data field 30840)
4_144655489_144662054	4_143734400_G_C	rs35906127	GCST90018973	Total bilirubin levels
4_144655489_144662054	4_143734400_G_C	rs35906127	GCST90498339	Lactate levels
4_144655489_144662054	4_143734400_G_C	rs35906127	GCST90476349	red blood cell count (RBC, mean, inv-norm transformed)
4_144655489_144662054	4_143734400_G_C	rs35906127	GCST90010723	Arginine levels
4_144655489_144662054	4_143734400_G_C	rs35906127	GCST90002389	Lymphocyte percentage of white cells
4_144655489_144662054	4_143734400_G_C	rs35906127	GCST90309868	Red blood cell erythrocyte distribution width (UKB data field 30070)
4_144655489_144662054	4_143734400_G_C	rs35906127	GCST90476345	red blood cell count (RBC, maximum, inv-norm transformed)
4_144655489_144662054	4_143734400_G_C	rs35906127	GCST90498335	Lactate levels
4_144655489_144662054	4_143734400_G_C	rs35906127	GCST90479500	Hemoglobin A1c (HbA1c, maximum, inv-norm transformed)
4_144655489_144662054	4_143734400_G_C	rs35906127	GCST90474496	Red blood cell (erythrocyte) distribution width (UKB data field 30070)
4_144655489_144662054	4_143734400_G_C	rs35906127	GCST90281221	Reticulocyte production index
4_144655489_144662054	4_143734400_G_C	rs35906127	GCST90498331	Lactate levels
4_144655489_144662054	4_143734400_G_C	rs35906127	GCST90497295	Glucose levels
4_144655489_144662054	4_143734400_G_C	rs35906127	GCST90010735	Ornithine levels
4_144655489_144662054	4_143734400_G_C	rs35906127	GCST90692906	Comparative height size at age 10 (UKB data field 1697)
4_144655489_144662054	4_143734400_G_C	rs35906127	GCST90013872	Total bilirubin levels (UKB data field 30840)
4_144655489_144662054	4_143734400_G_C	rs35906127	GCST90501109	Glucose levels
4_144655489_144662054	4_143734400_G_C	rs35906127	GCST90501172	Lactate levels
4_144655489_144662054	4_143734400_G_C	rs35906127	GCST90480671	red cell diameter width (RDW, maximum, inv-norm transformed)
4_144655489_144662054	4_143734400_G_C	rs35906127	GCST90559246	Blood cell traits latent factor 4 (red cell)
4_144655489_144662054	4_143734400_G_C	rs35906127	GCST90002369	Red cell distribution width
4_144655489_144662054	4_143734400_G_C	rs35906127	GCST90281211	Red cell distribution width - standard deviation
4_144655489_144662054	4_143734400_G_C	rs35906127	GCST90691753	Comparative height size at age 10 (UKB data field 1697)
4_144655489_144662054	4_143734400_G_C	rs35906127	GCST007954	Glycated hemoglobin levels
4_144655489_144662054	4_143734608_C_G	rs66634585	GCST90014012	Total bilirubin levels (UKB data field 30840)
4_144655489_144662054	4_143734608_C_G	rs66634585	GCST90018973	Total bilirubin levels
4_144655489_144662054	4_143734608_C_G	rs66634585	GCST90498339	Lactate levels
4_144655489_144662054	4_143734608_C_G	rs66634585	GCST90476349	red blood cell count (RBC, mean, inv-norm transformed)
4_144655489_144662054	4_143734608_C_G	rs66634585	GCST90010723	Arginine levels
4_144655489_144662054	4_143734608_C_G	rs66634585	GCST90002389	Lymphocyte percentage of white cells
4_144655489_144662054	4_143734608_C_G	rs66634585	GCST90309868	Red blood cell erythrocyte distribution width (UKB data field 30070)
4_144655489_144662054	4_143734608_C_G	rs66634585	GCST90476345	red blood cell count (RBC, maximum, inv-norm transformed)
4_144655489_144662054	4_143734608_C_G	rs66634585	GCST90498335	Lactate levels
4_144655489_144662054	4_143734608_C_G	rs66634585	GCST90479500	Hemoglobin A1c (HbA1c, maximum, inv-norm transformed)
4_144655489_144662054	4_143734608_C_G	rs66634585	GCST90474496	Red blood cell (erythrocyte) distribution width (UKB data field 30070)
4_144655489_144662054	4_143734608_C_G	rs66634585	GCST90281221	Reticulocyte production index
4_144655489_144662054	4_143734608_C_G	rs66634585	GCST90498331	Lactate levels
4_144655489_144662054	4_143734608_C_G	rs66634585	GCST90497295	Glucose levels
4_144655489_144662054	4_143734608_C_G	rs66634585	GCST90010735	Ornithine levels
4_144655489_144662054	4_143734608_C_G	rs66634585	GCST90692906	Comparative height size at age 10 (UKB data field 1697)
4_144655489_144662054	4_143734608_C_G	rs66634585	GCST90002390	Mean corpuscular hemoglobin
4_144655489_144662054	4_143734608_C_G	rs66634585	GCST90013872	Total bilirubin levels (UKB data field 30840)
4_144655489_144662054	4_143734608_C_G	rs66634585	GCST90501109	Glucose levels
4_144655489_144662054	4_143734608_C_G	rs66634585	GCST90501172	Lactate levels
4_144655489_144662054	4_143734608_C_G	rs66634585	GCST004621	Red cell distribution width
4_144655489_144662054	4_143734608_C_G	rs66634585	GCST90281216	Low fluorescent percentage of reticulocytes
4_144655489_144662054	4_143734608_C_G	rs66634585	GCST90480671	red cell diameter width (RDW, maximum, inv-norm transformed)
4_144655489_144662054	4_143734608_C_G	rs66634585	GCST90559246	Blood cell traits latent factor 4 (red cell)
4_144655489_144662054	4_143734608_C_G	rs66634585	GCST90479501	Hemoglobin A1c (HbA1c, mean, inv-norm transformed)
4_144655489_144662054	4_143734608_C_G	rs66634585	GCST90281211	Red cell distribution width - standard deviation
4_144655489_144662054	4_143734608_C_G	rs66634585	GCST90691753	Comparative height size at age 10 (UKB data field 1697)
4_144655489_144662054	4_143734608_C_G	rs66634585	GCST007954	Glycated hemoglobin levels
4_144655489_144662054	4_143737318_A_G	rs66717029	GCST90014012	Total bilirubin levels (UKB data field 30840)
4_144655489_144662054	4_143737318_A_G	rs66717029	GCST90018973	Total bilirubin levels
4_144655489_144662054	4_143737318_A_G	rs66717029	GCST90498339	Lactate levels
4_144655489_144662054	4_143737318_A_G	rs66717029	GCST90281215	Medium fluorescent percentage of reticulocytes
4_144655489_144662054	4_143737318_A_G	rs66717029	GCST90476349	red blood cell count (RBC, mean, inv-norm transformed)
4_144655489_144662054	4_143737318_A_G	rs66717029	GCST90010723	Arginine levels
4_144655489_144662054	4_143737318_A_G	rs66717029	GCST90309868	Red blood cell erythrocyte distribution width (UKB data field 30070)
4_144655489_144662054	4_143737318_A_G	rs66717029	GCST90476345	red blood cell count (RBC, maximum, inv-norm transformed)
4_144655489_144662054	4_143737318_A_G	rs66717029	GCST90498335	Lactate levels
4_144655489_144662054	4_143737318_A_G	rs66717029	GCST90479500	Hemoglobin A1c (HbA1c, maximum, inv-norm transformed)
4_144655489_144662054	4_143737318_A_G	rs66717029	GCST90474496	Red blood cell (erythrocyte) distribution width (UKB data field 30070)
4_144655489_144662054	4_143737318_A_G	rs66717029	GCST90281221	Reticulocyte production index
4_144655489_144662054	4_143737318_A_G	rs66717029	GCST90498331	Lactate levels
4_144655489_144662054	4_143737318_A_G	rs66717029	GCST90497295	Glucose levels
4_144655489_144662054	4_143737318_A_G	rs66717029	GCST90010735	Ornithine levels
4_144655489_144662054	4_143737318_A_G	rs66717029	GCST90692906	Comparative height size at age 10 (UKB data field 1697)
4_144655489_144662054	4_143737318_A_G	rs66717029	GCST90013872	Total bilirubin levels (UKB data field 30840)
4_144655489_144662054	4_143737318_A_G	rs66717029	GCST90501109	Glucose levels
4_144655489_144662054	4_143737318_A_G	rs66717029	GCST90501172	Lactate levels
4_144655489_144662054	4_143737318_A_G	rs66717029	GCST90281216	Low fluorescent percentage of reticulocytes
4_144655489_144662054	4_143737318_A_G	rs66717029	GCST90480671	red cell diameter width (RDW, maximum, inv-norm transformed)
4_144655489_144662054	4_143737318_A_G	rs66717029	GCST90559246	Blood cell traits latent factor 4 (red cell)
4_144655489_144662054	4_143737318_A_G	rs66717029	GCST90479501	Hemoglobin A1c (HbA1c, mean, inv-norm transformed)
4_144655489_144662054	4_143737318_A_G	rs66717029	GCST90281211	Red cell distribution width - standard deviation
4_144655489_144662054	4_143737318_A_G	rs66717029	GCST90691753	Comparative height size at age 10 (UKB data field 1697)
4_144655489_144662054	4_143737318_A_G	rs66717029	GCST007954	Glycated hemoglobin levels
4_144655489_144662054	4_143737595_G_A	rs35556180	GCST007074	Red cell distribution width
4_144655489_144662054	4_143737595_G_A	rs35556180	GCST90014012	Total bilirubin levels (UKB data field 30840)
4_144655489_144662054	4_143737595_G_A	rs35556180	GCST90018973	Total bilirubin levels
4_144655489_144662054	4_143737595_G_A	rs35556180	GCST90281212	Reticulocyte side fluorescence
4_144655489_144662054	4_143737595_G_A	rs35556180	GCST90498339	Lactate levels
4_144655489_144662054	4_143737595_G_A	rs35556180	GCST90480672	red cell diameter width (RDW, mean, inv-norm transformed)
4_144655489_144662054	4_143737595_G_A	rs35556180	GCST90281215	Medium fluorescent percentage of reticulocytes
4_144655489_144662054	4_143737595_G_A	rs35556180	GCST90476349	red blood cell count (RBC, mean, inv-norm transformed)
4_144655489_144662054	4_143737595_G_A	rs35556180	GCST90010723	Arginine levels
4_144655489_144662054	4_143737595_G_A	rs35556180	GCST90002389	Lymphocyte percentage of white cells
4_144655489_144662054	4_143737595_G_A	rs35556180	GCST90309868	Red blood cell erythrocyte distribution width (UKB data field 30070)
4_144655489_144662054	4_143737595_G_A	rs35556180	GCST90476345	red blood cell count (RBC, maximum, inv-norm transformed)
4_144655489_144662054	4_143737595_G_A	rs35556180	GCST90498335	Lactate levels
4_144655489_144662054	4_143737595_G_A	rs35556180	GCST90479500	Hemoglobin A1c (HbA1c, maximum, inv-norm transformed)
4_144655489_144662054	4_143737595_G_A	rs35556180	GCST90474496	Red blood cell (erythrocyte) distribution width (UKB data field 30070)
4_144655489_144662054	4_143737595_G_A	rs35556180	GCST90281221	Reticulocyte production index
4_144655489_144662054	4_143737595_G_A	rs35556180	GCST90498331	Lactate levels
4_144655489_144662054	4_143737595_G_A	rs35556180	GCST90497295	Glucose levels
4_144655489_144662054	4_143737595_G_A	rs35556180	GCST90010735	Ornithine levels
4_144655489_144662054	4_143737595_G_A	rs35556180	GCST90692906	Comparative height size at age 10 (UKB data field 1697)
4_144655489_144662054	4_143737595_G_A	rs35556180	GCST90013872	Total bilirubin levels (UKB data field 30840)
4_144655489_144662054	4_143737595_G_A	rs35556180	GCST90501109	Glucose levels
4_144655489_144662054	4_143737595_G_A	rs35556180	GCST90501172	Lactate levels
4_144655489_144662054	4_143737595_G_A	rs35556180	GCST90281216	Low fluorescent percentage of reticulocytes
4_144655489_144662054	4_143737595_G_A	rs35556180	GCST90480671	red cell diameter width (RDW, maximum, inv-norm transformed)
4_144655489_144662054	4_143737595_G_A	rs35556180	GCST90559246	Blood cell traits latent factor 4 (red cell)
4_144655489_144662054	4_143737595_G_A	rs35556180	GCST90479501	Hemoglobin A1c (HbA1c, mean, inv-norm transformed)
4_144655489_144662054	4_143737595_G_A	rs35556180	GCST90002369	Red cell distribution width
4_144655489_144662054	4_143737595_G_A	rs35556180	GCST90281211	Red cell distribution width - standard deviation
4_144655489_144662054	4_143737595_G_A	rs35556180	GCST90691753	Comparative height size at age 10 (UKB data field 1697)
4_144655489_144662054	4_143737595_G_A	rs35556180	GCST007954	Glycated hemoglobin levels
4_144655489_144662054	4_143738191_G_A	rs13133444	GCST90014012	Total bilirubin levels (UKB data field 30840)
4_144655489_144662054	4_143738191_G_A	rs13133444	GCST90018973	Total bilirubin levels
4_144655489_144662054	4_143738191_G_A	rs13133444	GCST90281212	Reticulocyte side fluorescence
4_144655489_144662054	4_143738191_G_A	rs13133444	GCST90498339	Lactate levels
4_144655489_144662054	4_143738191_G_A	rs13133444	GCST90480672	red cell diameter width (RDW, mean, inv-norm transformed)
4_144655489_144662054	4_143738191_G_A	rs13133444	GCST90281215	Medium fluorescent percentage of reticulocytes
4_144655489_144662054	4_143738191_G_A	rs13133444	GCST90476349	red blood cell count (RBC, mean, inv-norm transformed)
4_144655489_144662054	4_143738191_G_A	rs13133444	GCST90010723	Arginine levels
4_144655489_144662054	4_143738191_G_A	rs13133444	GCST90002389	Lymphocyte percentage of white cells
4_144655489_144662054	4_143738191_G_A	rs13133444	GCST90309868	Red blood cell erythrocyte distribution width (UKB data field 30070)
4_144655489_144662054	4_143738191_G_A	rs13133444	GCST90476345	red blood cell count (RBC, maximum, inv-norm transformed)
4_144655489_144662054	4_143738191_G_A	rs13133444	GCST90498335	Lactate levels
4_144655489_144662054	4_143738191_G_A	rs13133444	GCST90479500	Hemoglobin A1c (HbA1c, maximum, inv-norm transformed)
4_144655489_144662054	4_143738191_G_A	rs13133444	GCST90474496	Red blood cell (erythrocyte) distribution width (UKB data field 30070)
4_144655489_144662054	4_143738191_G_A	rs13133444	GCST90281221	Reticulocyte production index
4_144655489_144662054	4_143738191_G_A	rs13133444	GCST90498331	Lactate levels
4_144655489_144662054	4_143738191_G_A	rs13133444	GCST90497295	Glucose levels
4_144655489_144662054	4_143738191_G_A	rs13133444	GCST90010735	Ornithine levels
4_144655489_144662054	4_143738191_G_A	rs13133444	GCST90692906	Comparative height size at age 10 (UKB data field 1697)
4_144655489_144662054	4_143738191_G_A	rs13133444	GCST90013872	Total bilirubin levels (UKB data field 30840)
4_144655489_144662054	4_143738191_G_A	rs13133444	GCST90501109	Glucose levels
4_144655489_144662054	4_143738191_G_A	rs13133444	GCST90501172	Lactate levels
4_144655489_144662054	4_143738191_G_A	rs13133444	GCST90281216	Low fluorescent percentage of reticulocytes
4_144655489_144662054	4_143738191_G_A	rs13133444	GCST90480671	red cell diameter width (RDW, maximum, inv-norm transformed)
4_144655489_144662054	4_143738191_G_A	rs13133444	GCST90559246	Blood cell traits latent factor 4 (red cell)
4_144655489_144662054	4_143738191_G_A	rs13133444	GCST90479501	Hemoglobin A1c (HbA1c, mean, inv-norm transformed)
4_144655489_144662054	4_143738191_G_A	rs13133444	GCST90002369	Red cell distribution width
4_144655489_144662054	4_143738191_G_A	rs13133444	GCST90281211	Red cell distribution width - standard deviation
4_144655489_144662054	4_143738191_G_A	rs13133444	GCST90691753	Comparative height size at age 10 (UKB data field 1697)
4_144655489_144662054	4_143738191_G_A	rs13133444	GCST007954	Glycated hemoglobin levels
4_144655489_144662054	4_143738472_A_G	rs5016158	GCST90014012	Total bilirubin levels (UKB data field 30840)
4_144655489_144662054	4_143738472_A_G	rs5016158	GCST90018973	Total bilirubin levels
4_144655489_144662054	4_143738472_A_G	rs5016158	GCST90281212	Reticulocyte side fluorescence
4_144655489_144662054	4_143738472_A_G	rs5016158	GCST90498339	Lactate levels
4_144655489_144662054	4_143738472_A_G	rs5016158	GCST90480672	red cell diameter width (RDW, mean, inv-norm transformed)
4_144655489_144662054	4_143738472_A_G	rs5016158	GCST90309884	Immature reticulocyte fraction (UKB data field 30280)
4_144655489_144662054	4_143738472_A_G	rs5016158	GCST90281215	Medium fluorescent percentage of reticulocytes
4_144655489_144662054	4_143738472_A_G	rs5016158	GCST90479502	Hemoglobin A1c (HbA1c, minimum, inv-norm transformed)
4_144655489_144662054	4_143738472_A_G	rs5016158	GCST90476349	red blood cell count (RBC, mean, inv-norm transformed)
4_144655489_144662054	4_143738472_A_G	rs5016158	GCST90010723	Arginine levels
4_144655489_144662054	4_143738472_A_G	rs5016158	GCST90002389	Lymphocyte percentage of white cells
4_144655489_144662054	4_143738472_A_G	rs5016158	GCST90309868	Red blood cell erythrocyte distribution width (UKB data field 30070)
4_144655489_144662054	4_143738472_A_G	rs5016158	GCST90476345	red blood cell count (RBC, maximum, inv-norm transformed)
4_144655489_144662054	4_143738472_A_G	rs5016158	GCST90498335	Lactate levels
4_144655489_144662054	4_143738472_A_G	rs5016158	GCST90479500	Hemoglobin A1c (HbA1c, maximum, inv-norm transformed)
4_144655489_144662054	4_143738472_A_G	rs5016158	GCST90474496	Red blood cell (erythrocyte) distribution width (UKB data field 30070)
4_144655489_144662054	4_143738472_A_G	rs5016158	GCST90281221	Reticulocyte production index
4_144655489_144662054	4_143738472_A_G	rs5016158	GCST90498331	Lactate levels
4_144655489_144662054	4_143738472_A_G	rs5016158	GCST90497295	Glucose levels
4_144655489_144662054	4_143738472_A_G	rs5016158	GCST90480673	red cell diameter width (RDW, minimum, inv-norm transformed)
4_144655489_144662054	4_143738472_A_G	rs5016158	GCST90010735	Ornithine levels
4_144655489_144662054	4_143738472_A_G	rs5016158	GCST90692906	Comparative height size at age 10 (UKB data field 1697)
4_144655489_144662054	4_143738472_A_G	rs5016158	GCST90013872	Total bilirubin levels (UKB data field 30840)
4_144655489_144662054	4_143738472_A_G	rs5016158	GCST90501109	Glucose levels
4_144655489_144662054	4_143738472_A_G	rs5016158	GCST90501172	Lactate levels
4_144655489_144662054	4_143738472_A_G	rs5016158	GCST004621	Red cell distribution width
4_144655489_144662054	4_143738472_A_G	rs5016158	GCST90281216	Low fluorescent percentage of reticulocytes
4_144655489_144662054	4_143738472_A_G	rs5016158	GCST90480671	red cell diameter width (RDW, maximum, inv-norm transformed)
4_144655489_144662054	4_143738472_A_G	rs5016158	GCST90559246	Blood cell traits latent factor 4 (red cell)
4_144655489_144662054	4_143738472_A_G	rs5016158	GCST90479501	Hemoglobin A1c (HbA1c, mean, inv-norm transformed)
4_144655489_144662054	4_143738472_A_G	rs5016158	GCST90002369	Red cell distribution width
4_144655489_144662054	4_143738472_A_G	rs5016158	GCST90281211	Red cell distribution width - standard deviation
4_144655489_144662054	4_143738472_A_G	rs5016158	GCST90691753	Comparative height size at age 10 (UKB data field 1697)
4_144655489_144662054	4_143738472_A_G	rs5016158	GCST007954	Glycated hemoglobin levels
4_144655489_144662054	4_143740901_A_G	rs13143879	GCST90014012	Total bilirubin levels (UKB data field 30840)
4_144655489_144662054	4_143740901_A_G	rs13143879	GCST90018973	Total bilirubin levels
4_144655489_144662054	4_143740901_A_G	rs13143879	GCST90498339	Lactate levels
4_144655489_144662054	4_143740901_A_G	rs13143879	GCST90281215	Medium fluorescent percentage of reticulocytes
4_144655489_144662054	4_143740901_A_G	rs13143879	GCST90476349	red blood cell count (RBC, mean, inv-norm transformed)
4_144655489_144662054	4_143740901_A_G	rs13143879	GCST90010723	Arginine levels
4_144655489_144662054	4_143740901_A_G	rs13143879	GCST90002389	Lymphocyte percentage of white cells
4_144655489_144662054	4_143740901_A_G	rs13143879	GCST90309868	Red blood cell erythrocyte distribution width (UKB data field 30070)
4_144655489_144662054	4_143740901_A_G	rs13143879	GCST90476345	red blood cell count (RBC, maximum, inv-norm transformed)
4_144655489_144662054	4_143740901_A_G	rs13143879	GCST90498335	Lactate levels
4_144655489_144662054	4_143740901_A_G	rs13143879	GCST90479500	Hemoglobin A1c (HbA1c, maximum, inv-norm transformed)
4_144655489_144662054	4_143740901_A_G	rs13143879	GCST90474496	Red blood cell (erythrocyte) distribution width (UKB data field 30070)
4_144655489_144662054	4_143740901_A_G	rs13143879	GCST90281221	Reticulocyte production index
4_144655489_144662054	4_143740901_A_G	rs13143879	GCST90498331	Lactate levels
4_144655489_144662054	4_143740901_A_G	rs13143879	GCST90497295	Glucose levels
4_144655489_144662054	4_143740901_A_G	rs13143879	GCST90010735	Ornithine levels
4_144655489_144662054	4_143740901_A_G	rs13143879	GCST90692906	Comparative height size at age 10 (UKB data field 1697)
4_144655489_144662054	4_143740901_A_G	rs13143879	GCST90013872	Total bilirubin levels (UKB data field 30840)
4_144655489_144662054	4_143740901_A_G	rs13143879	GCST90501109	Glucose levels
4_144655489_144662054	4_143740901_A_G	rs13143879	GCST90501172	Lactate levels
4_144655489_144662054	4_143740901_A_G	rs13143879	GCST004621	Red cell distribution width
4_144655489_144662054	4_143740901_A_G	rs13143879	GCST90281216	Low fluorescent percentage of reticulocytes
4_144655489_144662054	4_143740901_A_G	rs13143879	GCST90480671	red cell diameter width (RDW, maximum, inv-norm transformed)
4_144655489_144662054	4_143740901_A_G	rs13143879	GCST90559246	Blood cell traits latent factor 4 (red cell)
4_144655489_144662054	4_143740901_A_G	rs13143879	GCST90479501	Hemoglobin A1c (HbA1c, mean, inv-norm transformed)
4_144655489_144662054	4_143740901_A_G	rs13143879	GCST90002369	Red cell distribution width
4_144655489_144662054	4_143740901_A_G	rs13143879	GCST90281211	Red cell distribution width - standard deviation
4_144655489_144662054	4_143740901_A_G	rs13143879	GCST90691753	Comparative height size at age 10 (UKB data field 1697)
4_144655489_144662054	4_143740901_A_G	rs13143879	GCST007954	Glycated hemoglobin levels
5_16919819_16919992	5_16919710_T_C	rs13155144	GCST007066	Heel bone mineral density
5_16919819_16919992	5_16919883_T_C	rs34689597	GCST007066	Heel bone mineral density
8_21455324_21455324	8_21597813_C_T	rs4345544	GCST90692671	Body mass index (BMI) (UKB data field 21001)
8_21455324_21455324	8_21597813_C_T	rs4345544	GCST90692801	Body mass index (BMI) (UKB data field 23104)
8_54528520_54528520	8_53615960_T_C	rs12550388	GCST009368	HDL cholesterol levels x long total sleep time interaction (2df test)
10_67278595_67279509	10_65518837_C_T	rs7088887	GCST90027083	Bioavailable testosterone levels
10_67278595_67279509	10_65518837_C_T	rs7088887	GCST90026655	Low testosterone levels
10_67278595_67279509	10_65518837_C_T	rs7088887	GCST90476161	Erectile dysfunction [ED] (PheCode 605)
10_67278595_67279509	10_65518837_C_T	rs7088887	GCST90570530	Hypogonadism
10_67278595_67279509	10_65518837_C_T	rs7088887	GCST90483498	Testosterone levels
10_67278595_67279509	10_65518837_C_T	rs7088887	GCST90483499	Testosterone levels
10_67278595_67279509	10_65518837_C_T	rs7088887	GCST90474418	Testosterone levels (UKB data field 30850)
10_67278595_67279509	10_65518837_C_T	rs7088887	GCST90019520	Testosterone levels
10_67278595_67279509	10_65518837_C_T	rs7088887	GCST90570527	Total testosterone levels
10_67278595_67279509	10_65518837_C_T	rs7088887	GCST90662903	Hemoglobin levels
10_67278595_67279509	10_65518837_C_T	rs7088887	GCST90483487	Testosterone levels
10_67278595_67279509	10_65518837_C_T	rs7088887	GCST90429610	Testosterone levels (UKB data field 30850)
10_67278595_67279509	10_65518837_C_T	rs7088887	GCST90239652	High density lipoprotein cholesterol levels
10_67278595_67279509	10_65518837_C_T	rs7088887	GCST90319648	Serum testosterone levels
10_67278595_67279509	10_65518837_C_T	rs7088887	GCST90027087	Free testosterone levels
10_67278595_67279509	10_65518837_C_T	rs7088887	GCST90483488	Testosterone levels
10_67278595_67279509	10_65518837_C_T	rs7088887	GCST90014013	Testosterone levels (UKB data field 30850)
10_67278595_67279509	10_65518837_C_T	rs7088887	GCST90027095	Total testosterone levels
10_67278595_67279509	10_65518837_C_T	rs7088887	GCST90468103	Testosterone levels (UKB data field 30850)
10_67278595_67279509	10_65519751_A_G	rs10996494	GCST90027083	Bioavailable testosterone levels
10_67278595_67279509	10_65519751_A_G	rs10996494	GCST90476161	Erectile dysfunction [ED] (PheCode 605)
10_67278595_67279509	10_65519751_A_G	rs10996494	GCST90570530	Hypogonadism
10_67278595_67279509	10_65519751_A_G	rs10996494	GCST90019520	Testosterone levels
10_67278595_67279509	10_65519751_A_G	rs10996494	GCST90570527	Total testosterone levels
10_67278595_67279509	10_65519751_A_G	rs10996494	GCST90662903	Hemoglobin levels
10_67278595_67279509	10_65519751_A_G	rs10996494	GCST90429610	Testosterone levels (UKB data field 30850)
10_67278595_67279509	10_65519751_A_G	rs10996494	GCST90239652	High density lipoprotein cholesterol levels
10_67278595_67279509	10_65519751_A_G	rs10996494	GCST90319648	Serum testosterone levels
10_67278595_67279509	10_65519751_A_G	rs10996494	GCST90027087	Free testosterone levels
10_67278595_67279509	10_65519751_A_G	rs10996494	GCST90014013	Testosterone levels (UKB data field 30850)
10_67278595_67279509	10_65519751_A_G	rs10996494	GCST90027095	Total testosterone levels
10_67278595_67279509	10_65519751_A_G	rs10996494	GCST90468103	Testosterone levels (UKB data field 30850)
11_133338872_133338872	11_133468977_G_A	rs6590708	GCST90704954	Substance use disorder
13_59433547_59433547	13_58859413_G_A	rs61953936	GCST90475159	Body mass index (BMI, minimum, inv-normal transformed)
13_59433547_59433547	13_58859413_G_A	rs61953936	GCST90624699	Body mass index (rank-based inverse normal transformation)
13_59433547_59433547	13_58859413_G_A	rs61953936	GCST90475762	Obesity (PheCode 278.1)
13_59433547_59433547	13_58859413_G_A	rs61953936	GCST90624700	Body mass index
13_59433547_59433547	13_58859413_G_A	rs61953936	GCST006368	Body mass index
13_59433547_59433547	13_58859413_G_A	rs61953936	GCST006569	Self-reported math ability (MTAG)
13_59433547_59433547	13_58859413_G_A	rs61953936	GCST90692656	Body fat percentage (UKB data field 23099)
13_59433547_59433547	13_58859413_G_A	rs61953936	GCST90476365	red cell diameter width (RDW, minimum, inv-norm transformed)
13_59433547_59433547	13_58859413_G_A	rs61953936	GCST90691778	Body fat percentage (UKB data field 23099)
13_59433547_59433547	13_58859413_G_A	rs61953936	GCST90692677	Arm fat percentage left (UKB data field 23123)
13_59433547_59433547	13_58859413_G_A	rs61953936	GCST90014021	Hip circumference (UKB data field 49)
13_59433547_59433547	13_58859413_G_A	rs61953936	GCST90480729	What is your weight? (pounds, inv-normal transformed)
13_59433547_59433547	13_58859413_G_A	rs61953936	GCST90475759	Overweight, obesity and other hyperalimentation (PheCode 278)
13_59433547_59433547	13_58859413_G_A	rs61953936	GCST90475091	Hemoglobin A1c (HbA1c, maximum, inv-norm transformed)
13_59433547_59433547	13_58859413_G_A	rs61953936	GCST90428119	Body mass index
13_59433547_59433547	13_58859413_G_A	rs61953936	GCST90475667	Type 2 diabetes (PheCode 250.2)
13_74300726_74300726	13_73726589_A_G	rs11842996	GCST90691864	Standing height (UKB data field 50)
13_74300726_74300726	13_73726589_A_G	rs11842996	GCST006287	Adolescent idiopathic scoliosis
16_5605114_5605114	16_5555113_G_A	rs79937533	FINNGEN_R12_WEIGHT_IRN	Weight, inverse-rank normalized
17_58829124_58829124	17_60751763_G_A	rs11657147	GCST90497228	Creatinine levels
17_58829124_58829124	17_60751763_G_A	rs11657147	GCST90497206	Citrate levels
17_58829124_58829124	17_60751763_G_A	rs11657147	FINNGEN_R12_H7_GLAUCOMA_POAG	Primary open-angle glaucoma, strict
17_58829124_58829124	17_60751763_G_A	rs11657147	GCST90497231	Creatinine levels (PGS-adjusted)
17_58829124_58829124	17_60751763_G_A	rs11657147	GCST010083	Hemoglobin levels
17_58829124_58829124	17_60751763_G_A	rs11657147	GCST90501108	Glutamine levels
17_58829124_58829124	17_60751763_G_A	rs11657147	GCST90267986	Cystatin C production
17_58829124_58829124	17_60751763_G_A	rs11657147	GCST90480068	Primary angle-closure glaucoma (PheCode 365.2)
17_58829124_58829124	17_60751763_G_A	rs11657147	GCST90497278	Glutamine levels
17_58829124_58829124	17_60751763_G_A	rs11657147	FINNGEN_R12_H7_GLAUCOMA	Glaucoma
17_58829124_58829124	17_60751763_G_A	rs11657147	FINNGEN_R12_H7_ENTROPION	Entropion and trichiasis of eyelid
20_52817810_52817810	20_54201271_T_C	rs6123362	GCST003386	Colorectal cancer (oestrogen-progestogen hormone therapy interaction)
