leffler_region	chrom	start_hg19	end_hg19	closest_gene	n_snps	resequenced	rsids
1	1	30052794	30056135	PTPRU	2	no	rs76483414,rs76718158
2	1	34436957	34440412	CSMD2	2	no	rs531066,rs6677026
3	1	72126385	72126388	NEGR1	2	no	rs11209813,rs2422014
4	1	157716592	157717574	FCRL2	2	no	rs16839017,rs55801926
5	1	172612397	172615497	FASLG	2	no	rs74124362,rs74124368
6	1	179296516	179300294	SOAT1	2	no	rs79870021,rs6670562
7	1	205413479	205416776	LEMD1	2	no	rs74141214,rs74141215
8	1	237795496	237796276	RYR2	2	no	rs1717782,rs10925477
9	2	10383763	10387311	C2orf48	2	no	rs11681155,rs11888584
10	2	64628311	64629674	LGALSL	2	no	rs2160947,rs114431418
11	2	69031128	69034730	ARHGAP25	2	no	rs11126199,rs78410209
12	2	77949746	77950401	LRRTM4	2	no	rs77459392,rs10179376
13	2	83407967	83408452	SUCLG1	2	no	rs12477109,rs2163254
14	2	101277443	101278037	PDCL3	2	no	rs58921591,rs72981523
15	2	124678599	124680876	CNTNAP5	2	no	rs1214090,rs1119384
16	2	129385155	129388993	HS6ST1	2	no	rs186616630,rs116749082
17	2	168652708	168655935	B3GALT1	2	no	rs59901332,rs10196543
18	2	199543380	199544091	PLCL1	2	no	rs13426764,rs11694806
19	2	214420578	214423859	SPAG16	2	no	rs73988544,rs6745832
20	2	222111191	222113206	EPHA4	2	no	rs7607367,rs11886107
21	2	237535062	237535155	CXCR7	2	no	rs74571727,rs7609173
22	2	241122077	241123845	OTOS	3	no	rs10166264,rs59043333,rs72994757
23	3	16408247	16408251	RFTN1	2	no	rs62236264,rs79691057
24	3	25377424	25377589	RARB	2	no	rs1436251,rs9848513
25	3	36204463	36204536	STAC	2	no	rs13078784,rs79152277
26	3	65614394	65614595	MAGI1	2	no	rs76493021,rs4374476
27	3	116454070	116454385	LSAMP	2	no	rs116226485,rs9825773
28	3	143685046	143688035	C3orf58	2	no	rs9869178,rs2118072
29	3	177335305	177335534	TBL1XR1	2	no	rs9880740,rs35592194
30	3	180171451	180172702	TTC14	2	no	rs78617585,rs73043708
31	4	17484061	17487760	QDPR	3	no	rs73800212,rs2597758,rs6811303
32	4	27294016	27297599	STIM2	2	no	rs78157989,rs79740699
33	4	33323144	33324082	PCDH7	2	no	rs2687419,rs78433814
34	4	56144663	56147967	SRD5A3	2	no	rs76223251,rs6554262
35	4	57918296	57918492	IGFBP7	3	yes	rs1713972,rs1713971,rs1718879
36	4	57920048	57920087	IGFBP7	2	yes	rs13110858,rs1401188
37	4	70457467	70457877	UGT2A1	2	no	rs2017370,rs1432327
38	4	84567638	84569070	AGPAT9	2	no	rs114383553,rs17007061
39	4	144655406	144662054	FREM3	8	yes	rs36083417,rs35230778,rs67600034,rs66717029,rs35556180,rs5016158,rs4257605,rs13143879
40	4	180499721	180502029	RP11-389E17.1	2	no	rs116811275,rs2584415
41	5	3881743	3882836	CTD-2012M11.2	2	no	rs16872492,rs114975228
42	5	5110371	5110730	ADAMTS16	2	no	rs697720,rs814789
43	5	8023328	8023976	MTRR	3	yes	rs35320705,rs4495139,rs4391133
44	5	56988506	56991579	ACTBL2	2	no	rs12654351,rs61282965
45	5	75125266	75126318	POC5	2	no	rs74340794,rs6453168
46	5	128312506	128314616	SLC27A6	2	no	rs257894,rs257899
47	5	128635682	128640254	ADAMTS19	2	no	rs10053606,rs114944655
48	5	145362862	145363859	SH3RF2	2	no	rs12518731,rs7448829
49	6	1490250	1490353	FOXF2	2	no	rs6907529,rs6907725
50	6	4400365	4401894	ECI2	2	no	rs885183,rs7760357
51	6	40733741	40736447	LRFN2	2	no	rs4587166,rs114654385
52	6	87623485	87625169	HTR1E	2	no	rs111481058,rs73751802
53	6	167716043	167718396	UNC93A	3	no	rs2981973,rs61400956,rs13198547
54	7	45253244	45257027	RAMP3	2	no	rs35401101,rs78982892
55	7	47800478	47802915	HUS1	3	yes	rs34925936,rs10807948,rs6463439
56	7	49671460	49672357	VWC2	2	no	rs59983200,rs6954826
57	7	82043282	82044146	CACNA2D1	2	no	rs6961106,rs10277941
58	7	108040551	108043758	NRCAM	2	no	rs112913525,rs113096256
59	7	117396193	117399316	CTTNBP2	2	no	rs10234869,rs76607522
60	7	155049958	155051811	INSIG1	2	no	rs4960719,rs60158858
61	8	31397748	31401339	NRG1	2	no	rs7006706,rs9792249
62	8	32745914	32748779	NRG1	2	no	rs112056832,rs4557662
63	8	72535024	72536493	RP11-1102P16.1	2	no	rs16937736,rs16937745
64	8	76522950	76523922	HNF4G	2	no	rs1839333,rs1913638
65	8	83147031	83147758	SNX16	2	no	rs76289037,rs77043672
66	8	115795838	115797398	TRPS1	2	no	rs6469547,rs78745861
67	8	120146464	120147143	COLEC10	2	no	rs80024835,rs61594459
68	8	134404826	134405012	ST3GAL1	2	yes	rs74850759,rs75751974
69	9	78335582	78337373	PCSK5	2	no	rs78580855,rs78195958
70	9	93566406	93570060	SYK	2	no	rs1333635,rs1460834
71	9	99546586	99550434	ZNF510	2	no	rs10978973,rs10117921
72	9	103854887	103858769	RP11-35N6.1	2	no	rs946496,rs7851995
73	9	122904031	122905702	CDK5RAP2	2	no	rs77450002,rs1154870
74	9	124688088	124688886	TTLL11	2	no	rs2002164,rs1806674
75	10	11682396	11682527	USP6NL	2	no	rs7101132,rs115066892
76	10	44433782	44434473	C10orf136	2	no	rs60146158,rs17154663
77	10	45222317	45223070	TMEM72	2	no	rs7091495,rs10793555
78	10	110370390	110370393	XPNPEP1	2	no	rs2482578,rs35112339
79	10	119026401	119026566	SLC18A2	2	no	rs363266,rs363227
80	10	124424638	124426504	DMBT1	2	no	rs74577795,rs79314843
81	11	6558862	6561270	DNHD1	2	no	rs12365992,rs10839577
82	11	20571639	20573073	PRMT3	2	no	rs1992498,rs11025618
83	11	44015075	44015569	C11orf96	2	no	rs11037782,rs57007890
84	11	71004987	71006946	SHANK2	2	no	rs59439599,rs60599873
85	11	81489841	81492293	FAM181B	2	no	rs2085736,rs7118489
86	11	98027236	98028922	CNTN5	2	no	rs2249268,rs60427879
87	11	131544956	131548195	NTM	2	no	rs78930157,rs2658831
88	11	134294349	134294754	B3GAT1	2	no	rs113801096,rs113239695
89	12	67295632	67295672	GRIP1	2	no	rs78715118,rs1504314
90	12	75980719	75981180	KRR1	2	no	rs1480001,rs17115323
91	12	87047269	87048497	MGAT4C	2	no	rs77368915,rs59624358
92	12	128748562	128748874	TMEM132C	2	no	rs115434075,rs61939378
93	12	133179816	133182408	P2RX2	2	no	rs4883635,rs11146967
94	13	30282915	30283910	UBL3	2	no	rs9508539,rs7324224
95	13	32721615	32721694	FRY	2	no	rs2285330,rs73462625
96	13	47471478	47471798	HTR2A	2	no	rs6311,rs36213156
97	13	112313680	112313692	RP11-65D24.2	2	no	rs9522338,rs9515467
98	14	22321419	22322973	TRAV8-3	2	no	rs80268079,rs12888908
99	14	77134450	77137189	VASH1	2	no	rs112497148,rs35127432
100	14	84244988	84246897	RP11-497E19.2	2	no	rs1887944,rs7147645
101	14	86147541	86148569	FLRT2	2	no	rs181594833,rs11844162
102	14	88804034	88805409	KCNK10	2	no	rs34344322,rs11626207
103	15	93158095	93158392	FAM174B	2	no	rs8032832,rs6496963
104	15	101036626	101037465	CERS3	2	no	rs111445047,rs80231845
105	16	939565	941234	LMF1	2	no	rs7185367,rs9930278
106	16	8454449	8454655	TMEM114	2	no	rs17145810,rs896401
107	16	20006098	20006986	GPR139	2	no	rs9933768,rs57790054
108	16	81171330	81173136	GCSH	2	no	rs12597420,rs12918619
109	17	11590433	11592928	DNAH9	2	no	rs79333236,rs35922062
110	17	14634911	14637048	AC005863.1	2	no	rs2083261,rs1561432
111	17	41803984	41805259	SOST	2	no	rs8078538,rs7216471
112	18	54677929	54679543	WDR7	2	no	rs77856737,rs116783429
113	18	57114761	57114772	CCBE1	2	no	rs1893789,rs183926463
114	18	58437878	58438910	MC4R	2	no	rs111966697,rs112239568
115	19	8672644	8673855	ADAMTS10	2	no	rs10418794,rs79928909
116	19	14520079	14521571	DDX39A	2	no	rs73517823,rs28374604
117	19	48651302	48652240	LIG1	2	no	rs8104114,rs166683
118	20	5337602	5340364	PROKR2	3	yes	rs1028554,rs4815797,rs6085129
119	20	16665802	16669245	SNRPB2	2	no	rs79400666,rs76787503
120	20	52422016	52422424	BCAS1	2	no	rs6097587,rs76658991
121	20	61319005	61319084	SLCO4A1	2	no	rs6062838,rs116543719
122	21	22045983	22047752	NCAM2	2	no	rs11910781,rs60242158
123	21	42037638	42040655	TMPRSS3;DSCAM	2	no	rs55771314,rs2837774
124	22	45191054	45192621	ARHGAP8;PRR5-ARHGAP8	2	no	rs739178,rs9626245
125	22	47642100	47645285	TBC1D22A	2	no	rs136618,rs4823625
