chrom	position	seed1	seed2	seed3	mean_support	is_seed1	is_seed2	is_seed3	is_any	is_majority	is_strict	is_pooled
1	4596288	52	41	62	51.666666666666664	False	False	False	False	False	False	False
1	4601724	6	17	3	8.666666666666666	False	False	False	False	False	False	False
1	4917460	88	97	94	93.0	True	True	True	True	True	True	True
1	4921516	53	38	61	50.666666666666664	False	False	False	False	False	False	False
1	5348639	84	91	82	85.66666666666667	True	True	True	True	True	True	True
1	5348914	29	38	24	30.333333333333332	False	False	False	False	False	False	False
1	6196517	55	54	48	52.333333333333336	False	False	False	False	False	False	False
1	8284019	0	0	0	0.0	False	False	False	False	False	False	False
1	17398069	58	73	92	74.33333333333333	False	False	True	True	False	False	False
1	17400061	13	13	22	16.0	False	False	False	False	False	False	False
1	24215473	2	14	15	10.333333333333334	False	False	False	False	False	False	False
1	24219374	25	6	7	12.666666666666666	False	False	False	False	False	False	False
1	24220278	6	34	29	23.0	False	False	False	False	False	False	False
1	24932510	50	29	17	32.0	False	False	False	False	False	False	False
1	34302265	59	6	6	23.666666666666668	False	False	False	False	False	False	False
1	59092501	5	8	0	4.333333333333333	False	False	False	False	False	False	False
1	81302425	46	36	24	35.333333333333336	False	False	False	False	False	False	False
1	81427559	79	55	41	58.333333333333336	False	False	False	False	False	False	False
1	94229586	12	17	25	18.0	False	False	False	False	False	False	False
1	94465677	72	73	78	74.33333333333333	False	False	False	False	False	False	False
1	102778250	27	57	39	41.0	False	False	False	False	False	False	False
1	103612149	51	25	21	32.333333333333336	False	False	False	False	False	False	False
1	105489817	74	70	67	70.33333333333333	False	False	False	False	False	False	False
1	105490540	12	6	32	16.666666666666668	False	False	False	False	False	False	False
1	105506748	77	91	57	75.0	False	True	False	True	False	False	False
1	106125135	82	77	87	82.0	True	False	True	True	True	False	True
1	106128734	0	0	1	0.3333333333333333	False	False	False	False	False	False	False
1	106129589	81	77	93	83.66666666666667	True	False	True	True	True	False	True
1	106131147	66	98	92	85.33333333333333	False	True	True	True	True	False	True
1	116732423	91	91	91	91.0	True	True	True	True	True	True	True
1	116741307	30	43	7	26.666666666666668	False	False	False	False	False	False	False
1	158191394	7	29	6	14.0	False	False	False	False	False	False	False
1	158357321	74	64	55	64.33333333333333	False	False	False	False	False	False	False
1	164096683	22	67	40	43.0	False	False	False	False	False	False	False
1	164097640	54	60	75	63.0	False	False	False	False	False	False	False
1	165596399	9	32	26	22.333333333333332	False	False	False	False	False	False	False
1	179441326	53	63	44	53.333333333333336	False	False	False	False	False	False	False
1	195825342	11	15	17	14.333333333333334	False	False	False	False	False	False	False
1	195829664	0	0	6	2.0	False	False	False	False	False	False	False
1	196786069	36	20	18	24.666666666666668	False	False	False	False	False	False	False
1	211684627	20	26	14	20.0	False	False	False	False	False	False	False
1	220879533	0	4	0	1.3333333333333333	False	False	False	False	False	False	False
1	224267541	75	79	44	66.0	False	False	False	False	False	False	False
1	224283515	15	11	13	13.0	False	False	False	False	False	False	False
1	233922640	8	3	5	5.333333333333333	False	False	False	False	False	False	False
1	238855190	16	3	10	9.666666666666666	False	False	False	False	False	False	False
1	244485817	24	40	87	50.333333333333336	False	False	True	True	False	False	False
1	246380688	83	88	91	87.33333333333333	True	True	True	True	True	True	True
1	246381160	5	5	7	5.666666666666667	False	False	False	False	False	False	False
1	246400615	87	67	78	77.33333333333333	True	False	False	True	False	False	False
1	246405817	68	53	45	55.333333333333336	False	False	False	False	False	False	False
1	246410558	27	21	2	16.666666666666668	False	False	False	False	False	False	False
1	247627001	82	95	82	86.33333333333333	True	True	True	True	True	True	True
1	247628307	83	88	38	69.66666666666667	True	True	False	True	True	False	False
2	860448	41	41	22	34.666666666666664	False	False	False	False	False	False	False
2	1119227	30	24	56	36.666666666666664	False	False	False	False	False	False	False
2	1138967	95	89	93	92.33333333333333	True	True	True	True	True	True	True
2	1138977	95	90	93	92.66666666666667	True	True	True	True	True	True	True
2	1139152	81	71	66	72.66666666666667	True	False	False	True	False	False	False
2	1139381	95	91	92	92.66666666666667	True	True	True	True	True	True	True
2	1139647	85	90	91	88.66666666666667	True	True	True	True	True	True	True
2	1367943	17	82	0	33.0	False	True	False	True	False	False	False
2	1605422	12	11	20	14.333333333333334	False	False	False	False	False	False	False
2	1844058	6	10	0	5.333333333333333	False	False	False	False	False	False	False
2	7631263	26	27	38	30.333333333333332	False	False	False	False	False	False	False
2	7670584	17	26	22	21.666666666666668	False	False	False	False	False	False	False
2	7674571	70	57	70	65.66666666666667	False	False	False	False	False	False	False
2	7680503	27	14	11	17.333333333333332	False	False	False	False	False	False	False
2	10982107	30	50	27	35.666666666666664	False	False	False	False	False	False	False
2	14239418	63	52	83	66.0	False	False	True	True	False	False	False
2	16948300	17	19	19	18.333333333333332	False	False	False	False	False	False	False
2	34139753	45	18	17	26.666666666666668	False	False	False	False	False	False	False
2	35744203	0	2	2	1.3333333333333333	False	False	False	False	False	False	False
2	35871491	15	89	11	38.333333333333336	False	True	False	True	False	False	False
2	35887821	21	25	25	23.666666666666668	False	False	False	False	False	False	False
2	35891391	20	19	19	19.333333333333332	False	False	False	False	False	False	False
2	35952400	87	96	95	92.66666666666667	True	True	True	True	True	True	True
2	42237228	83	77	91	83.66666666666667	True	False	True	True	True	False	True
2	101081583	27	44	16	29.0	False	False	False	False	False	False	False
2	109920379	13	29	5	15.666666666666666	False	False	False	False	False	False	False
2	118394782	0	0	0	0.0	False	False	False	False	False	False	False
2	128814544	3	5	9	5.666666666666667	False	False	False	False	False	False	False
2	129359232	85	78	84	82.33333333333333	True	False	True	True	True	False	True
2	168020091	8	2	5	5.0	False	False	False	False	False	False	False
2	179931196	35	58	34	42.333333333333336	False	False	False	False	False	False	False
2	179932838	64	70	85	73.0	False	False	True	True	False	False	False
2	179933235	39	27	43	36.333333333333336	False	False	False	False	False	False	False
2	182596707	45	20	29	31.333333333333332	False	False	False	False	False	False	False
2	209616650	44	61	60	55.0	False	False	False	False	False	False	False
2	209628871	41	49	41	43.666666666666664	False	False	False	False	False	False	False
2	214726989	68	54	62	61.333333333333336	False	False	False	False	False	False	False
2	223877776	43	52	48	47.666666666666664	False	False	False	False	False	False	False
2	223962045	5	3	20	9.333333333333334	False	False	False	False	False	False	False
2	224098693	8	16	0	8.0	False	False	False	False	False	False	False
2	224638996	97	94	98	96.33333333333333	True	True	True	True	True	True	True
2	224887004	98	79	85	87.33333333333333	True	False	True	True	True	False	True
2	228091374	58	43	44	48.333333333333336	False	False	False	False	False	False	False
2	230050426	41	40	28	36.333333333333336	False	False	False	False	False	False	False
2	236265715	25	37	63	41.666666666666664	False	False	False	False	False	False	False
2	237765359	49	25	39	37.666666666666664	False	False	False	False	False	False	False
2	237816759	23	24	15	20.666666666666668	False	False	False	False	False	False	False
2	237851485	40	67	39	48.666666666666664	False	False	False	False	False	False	False
2	237968214	81	92	98	90.33333333333333	True	True	True	True	True	True	True
2	237968397	90	93	97	93.33333333333333	True	True	True	True	True	True	True
2	237968421	92	94	98	94.66666666666667	True	True	True	True	True	True	True
2	241117578	76	62	74	70.66666666666667	False	False	False	False	False	False	False
2	241118322	2	3	7	4.0	False	False	False	False	False	False	False
3	3972896	17	49	5	23.666666666666668	False	False	False	False	False	False	False
3	3973571	17	2	36	18.333333333333332	False	False	False	False	False	False	False
3	7981422	22	54	26	34.0	False	False	False	False	False	False	False
3	8971710	38	55	38	43.666666666666664	False	False	False	False	False	False	False
3	14903960	40	39	23	34.0	False	False	False	False	False	False	False
3	22458328	41	55	48	48.0	False	False	False	False	False	False	False
3	22458581	60	67	57	61.333333333333336	False	False	False	False	False	False	False
3	36501939	0	2	1	1.0	False	False	False	False	False	False	False
3	41587736	33	36	47	38.666666666666664	False	False	False	False	False	False	False
3	41592024	33	54	70	52.333333333333336	False	False	False	False	False	False	False
3	45215141	20	21	21	20.666666666666668	False	False	False	False	False	False	False
3	45217568	64	89	71	74.66666666666667	False	True	False	True	False	False	False
3	56757528	21	16	43	26.666666666666668	False	False	False	False	False	False	False
3	73898863	56	35	32	41.0	False	False	False	False	False	False	False
3	95153561	23	13	24	20.0	False	False	False	False	False	False	False
3	95156586	11	18	18	15.666666666666666	False	False	False	False	False	False	False
3	95159339	42	27	50	39.666666666666664	False	False	False	False	False	False	False
3	95161389	0	2	1	1.0	False	False	False	False	False	False	False
3	95178221	33	18	45	32.0	False	False	False	False	False	False	False
3	98728309	62	35	58	51.666666666666664	False	False	False	False	False	False	False
3	98734640	16	5	10	10.333333333333334	False	False	False	False	False	False	False
3	98754077	9	13	24	15.333333333333334	False	False	False	False	False	False	False
3	98755371	11	40	3	18.0	False	False	False	False	False	False	False
3	102977983	15	13	17	15.0	False	False	False	False	False	False	False
3	103945035	0	0	3	1.0	False	False	False	False	False	False	False
3	104417351	7	15	17	13.0	False	False	False	False	False	False	False
3	104418024	0	0	2	0.6666666666666666	False	False	False	False	False	False	False
3	106035097	70	25	62	52.333333333333336	False	False	False	False	False	False	False
3	106036039	20	15	47	27.333333333333332	False	False	False	False	False	False	False
3	106362726	37	20	46	34.333333333333336	False	False	False	False	False	False	False
3	122302254	61	70	72	67.66666666666667	False	False	False	False	False	False	False
3	125950236	80	70	76	75.33333333333333	False	False	False	False	False	False	False
3	129661843	0	1	0	0.3333333333333333	False	False	False	False	False	False	False
3	129661844	16	18	0	11.333333333333334	False	False	False	False	False	False	False
3	129664970	54	40	7	33.666666666666664	False	False	False	False	False	False	False
3	143678330	39	4	32	25.0	False	False	False	False	False	False	False
3	144339460	7	3	26	12.0	False	False	False	False	False	False	False
3	145043291	78	74	91	81.0	False	False	True	True	False	False	True
3	148623451	0	0	0	0.0	False	False	False	False	False	False	False
3	152319954	2	1	0	1.0	False	False	False	False	False	False	False
3	164092625	3	9	7	6.333333333333333	False	False	False	False	False	False	False
3	164116704	19	23	31	24.333333333333332	False	False	False	False	False	False	False
3	165457743	20	15	10	15.0	False	False	False	False	False	False	False
3	165854648	5	11	28	14.666666666666666	False	False	False	False	False	False	False
3	172666061	77	54	63	64.66666666666667	False	False	False	False	False	False	False
3	185262999	0	0	0	0.0	False	False	False	False	False	False	False
3	190519562	8	55	60	41.0	False	False	False	False	False	False	False
3	191300672	45	14	17	25.333333333333332	False	False	False	False	False	False	False
3	192587895	74	67	56	65.66666666666667	False	False	False	False	False	False	False
3	194333548	0	0	0	0.0	False	False	False	False	False	False	False
4	1051845	59	40	46	48.333333333333336	False	False	False	False	False	False	False
4	2189687	13	6	23	14.0	False	False	False	False	False	False	False
4	2372929	63	65	62	63.333333333333336	False	False	False	False	False	False	False
4	3831941	63	60	54	59.0	False	False	False	False	False	False	False
4	4254467	25	73	56	51.333333333333336	False	False	False	False	False	False	False
4	4686225	47	11	55	37.666666666666664	False	False	False	False	False	False	False
4	4687781	20	57	2	26.333333333333332	False	False	False	False	False	False	False
4	4808990	35	4	19	19.333333333333332	False	False	False	False	False	False	False
4	5292047	21	13	11	15.0	False	False	False	False	False	False	False
4	5311487	45	73	51	56.333333333333336	False	False	False	False	False	False	False
4	5315138	48	38	11	32.333333333333336	False	False	False	False	False	False	False
4	5717229	3	44	24	23.666666666666668	False	False	False	False	False	False	False
4	7216154	5	0	2	2.3333333333333335	False	False	False	False	False	False	False
4	10728759	55	46	36	45.666666666666664	False	False	False	False	False	False	False
4	12087957	93	95	96	94.66666666666667	True	True	True	True	True	True	True
4	12091911	65	69	36	56.666666666666664	False	False	False	False	False	False	False
4	17693079	19	17	25	20.333333333333332	False	False	False	False	False	False	False
4	32200878	83	69	55	69.0	True	False	False	True	False	False	False
4	32256576	20	21	21	20.666666666666668	False	False	False	False	False	False	False
4	32644678	67	72	82	73.66666666666667	False	False	True	True	False	False	False
4	32644737	44	42	15	33.666666666666664	False	False	False	False	False	False	False
4	32645692	8	6	17	10.333333333333334	False	False	False	False	False	False	False
4	32646855	68	86	92	82.0	False	True	True	True	True	False	True
4	35512775	3	19	16	12.666666666666666	False	False	False	False	False	False	False
4	37761881	63	79	69	70.33333333333333	False	False	False	False	False	False	False
4	38953755	36	18	12	22.0	False	False	False	False	False	False	False
4	42677212	30	50	17	32.333333333333336	False	False	False	False	False	False	False
4	43154744	3	14	26	14.333333333333334	False	False	False	False	False	False	False
4	56037628	62	44	69	58.333333333333336	False	False	False	False	False	False	False
4	56144663	96	99	97	97.33333333333333	True	True	True	True	True	True	True
4	56147317	92	95	95	94.0	True	True	True	True	True	True	True
4	56147967	89	94	100	94.33333333333333	True	True	True	True	True	True	True
4	57698600	87	91	94	90.66666666666667	True	True	True	True	True	True	True
4	57918296	99	98	83	93.33333333333333	True	True	True	True	True	True	True
4	57918427	40	40	37	39.0	False	False	False	False	False	False	False
4	57918492	80	82	89	83.66666666666667	False	True	True	True	True	False	True
4	57919221	84	83	79	82.0	True	True	False	True	True	False	True
4	57919429	85	82	89	85.33333333333333	True	True	True	True	True	True	True
4	57919462	86	82	89	85.66666666666667	True	True	True	True	True	True	True
4	57919705	78	88	88	84.66666666666667	False	True	True	True	True	False	True
4	57920087	56	38	55	49.666666666666664	False	False	False	False	False	False	False
4	58169278	59	50	39	49.333333333333336	False	False	False	False	False	False	False
4	58491082	22	42	17	27.0	False	False	False	False	False	False	False
4	58495926	92	86	71	83.0	True	True	False	True	True	False	True
4	58570867	74	91	100	88.33333333333333	False	True	True	True	True	False	True
4	58966321	5	4	13	7.333333333333333	False	False	False	False	False	False	False
4	59279374	6	26	18	16.666666666666668	False	False	False	False	False	False	False
4	59953267	0	0	0	0.0	False	False	False	False	False	False	False
4	61812912	47	23	30	33.333333333333336	False	False	False	False	False	False	False
4	69353791	0	0	0	0.0	False	False	False	False	False	False	False
4	70020454	18	18	28	21.333333333333332	False	False	False	False	False	False	False
4	71110866	55	46	19	40.0	False	False	False	False	False	False	False
4	71116623	40	33	39	37.333333333333336	False	False	False	False	False	False	False
4	71208589	0	0	0	0.0	False	False	False	False	False	False	False
4	71209448	65	81	69	71.66666666666667	False	True	False	True	False	False	False
4	71210148	97	96	92	95.0	True	True	True	True	True	True	True
4	71210198	92	97	90	93.0	True	True	True	True	True	True	True
4	71210321	93	93	90	92.0	True	True	True	True	True	True	True
4	71210336	94	93	91	92.66666666666667	True	True	True	True	True	True	True
4	71210379	49	29	50	42.666666666666664	False	False	False	False	False	False	False
4	71210383	49	40	50	46.333333333333336	False	False	False	False	False	False	False
4	71210674	69	69	76	71.33333333333333	False	False	False	False	False	False	False
4	71210970	97	99	96	97.33333333333333	True	True	True	True	True	True	True
4	71211089	71	79	26	58.666666666666664	False	False	False	False	False	False	False
4	71386175	94	98	95	95.66666666666667	True	True	True	True	True	True	True
4	73498041	62	25	66	51.0	False	False	False	False	False	False	False
4	75770514	0	2	2	1.3333333333333333	False	False	False	False	False	False	False
4	75771040	33	23	26	27.333333333333332	False	False	False	False	False	False	False
4	76194522	24	3	29	18.666666666666668	False	False	False	False	False	False	False
4	76201612	0	0	0	0.0	False	False	False	False	False	False	False
4	77041727	54	62	53	56.333333333333336	False	False	False	False	False	False	False
4	77075845	1	0	5	2.0	False	False	False	False	False	False	False
4	78215282	10	5	14	9.666666666666666	False	False	False	False	False	False	False
4	78220653	64	42	47	51.0	False	False	False	False	False	False	False
4	78243789	55	69	63	62.333333333333336	False	False	False	False	False	False	False
4	78245677	17	15	16	16.0	False	False	False	False	False	False	False
4	78255950	6	20	5	10.333333333333334	False	False	False	False	False	False	False
4	78257691	58	53	74	61.666666666666664	False	False	False	False	False	False	False
4	79457056	43	57	43	47.666666666666664	False	False	False	False	False	False	False
4	83662037	24	46	27	32.333333333333336	False	False	False	False	False	False	False
4	95766650	10	6	6	7.333333333333333	False	False	False	False	False	False	False
4	95777866	50	3	33	28.666666666666668	False	False	False	False	False	False	False
4	96755508	8	12	55	25.0	False	False	False	False	False	False	False
4	98179053	0	0	0	0.0	False	False	False	False	False	False	False
4	106903763	15	26	15	18.666666666666668	False	False	False	False	False	False	False
4	115378668	91	88	84	87.66666666666667	True	True	True	True	True	True	True
4	115378707	98	97	97	97.33333333333333	True	True	True	True	True	True	True
4	115379049	100	100	100	100.0	True	True	True	True	True	True	True
4	115379114	98	100	100	99.33333333333333	True	True	True	True	True	True	True
4	115379147	98	98	100	98.66666666666667	True	True	True	True	True	True	True
4	115379445	87	98	93	92.66666666666667	True	True	True	True	True	True	True
4	115379737	92	98	93	94.33333333333333	True	True	True	True	True	True	True
4	115384571	18	19	11	16.0	False	False	False	False	False	False	False
4	116373510	26	13	12	17.0	False	False	False	False	False	False	False
4	131616770	16	20	35	23.666666666666668	False	False	False	False	False	False	False
4	131770266	12	19	4	11.666666666666666	False	False	False	False	False	False	False
4	131799296	8	20	27	18.333333333333332	False	False	False	False	False	False	False
4	137954098	65	43	70	59.333333333333336	False	False	False	False	False	False	False
4	138162762	69	57	50	58.666666666666664	False	False	False	False	False	False	False
4	141916900	9	29	18	18.666666666666668	False	False	False	False	False	False	False
4	141921518	88	90	87	88.33333333333333	True	True	True	True	True	True	True
4	143038810	75	62	61	66.0	False	False	False	False	False	False	False
4	143039478	22	31	3	18.666666666666668	False	False	False	False	False	False	False
4	144655489	100	93	96	96.33333333333333	True	True	True	True	True	True	True
4	144655553	100	97	100	99.0	True	True	True	True	True	True	True
4	144655761	97	97	98	97.33333333333333	True	True	True	True	True	True	True
4	144656154	54	58	72	61.333333333333336	False	False	False	False	False	False	False
4	144656455	94	50	79	74.33333333333333	True	False	False	True	False	False	False
4	144657114	29	33	45	35.666666666666664	False	False	False	False	False	False	False
4	144657530	23	45	35	34.333333333333336	False	False	False	False	False	False	False
4	144657596	26	24	18	22.666666666666668	False	False	False	False	False	False	False
4	144658471	100	99	99	99.33333333333333	True	True	True	True	True	True	True
4	144658716	84	68	85	79.0	True	False	True	True	True	False	False
4	144658748	98	97	100	98.33333333333333	True	True	True	True	True	True	True
4	144659344	100	100	99	99.66666666666667	True	True	True	True	True	True	True
4	144659625	100	100	100	100.0	True	True	True	True	True	True	True
4	144661234	41	28	27	32.0	False	False	False	False	False	False	False
4	144662054	87	87	94	89.33333333333333	True	True	True	True	True	True	True
4	144891961	32	9	25	22.0	False	False	False	False	False	False	False
4	146599697	24	13	3	13.333333333333334	False	False	False	False	False	False	False
4	148518052	31	41	19	30.333333333333332	False	False	False	False	False	False	False
4	162031025	33	37	49	39.666666666666664	False	False	False	False	False	False	False
4	162038353	95	83	78	85.33333333333333	True	True	False	True	True	False	True
4	162227322	9	11	3	7.666666666666667	False	False	False	False	False	False	False
4	165753488	96	68	91	85.0	True	False	True	True	True	False	True
4	166350327	5	2	16	7.666666666666667	False	False	False	False	False	False	False
4	166453971	77	68	55	66.66666666666667	False	False	False	False	False	False	False
4	166456022	7	11	6	8.0	False	False	False	False	False	False	False
4	166740119	46	38	94	59.333333333333336	False	False	True	True	False	False	False
4	166740488	55	23	45	41.0	False	False	False	False	False	False	False
4	170844105	14	38	32	28.0	False	False	False	False	False	False	False
4	171583722	14	16	23	17.666666666666668	False	False	False	False	False	False	False
4	172136342	78	82	90	83.33333333333333	False	True	True	True	True	False	True
4	178755184	15	7	7	9.666666666666666	False	False	False	False	False	False	False
4	179519112	43	58	44	48.333333333333336	False	False	False	False	False	False	False
4	180069715	98	98	99	98.33333333333333	True	True	True	True	True	True	True
4	182074429	8	8	6	7.333333333333333	False	False	False	False	False	False	False
4	184465771	1	0	2	1.0	False	False	False	False	False	False	False
4	185639762	37	6	3	15.333333333333334	False	False	False	False	False	False	False
4	185648997	45	12	42	33.0	False	False	False	False	False	False	False
4	189503154	2	11	25	12.666666666666666	False	False	False	False	False	False	False
5	2252174	28	18	40	28.666666666666668	False	False	False	False	False	False	False
5	2348028	25	17	12	18.0	False	False	False	False	False	False	False
5	2352340	93	63	71	75.66666666666667	True	False	False	True	False	False	False
5	4002693	7	6	20	11.0	False	False	False	False	False	False	False
5	6013931	70	69	79	72.66666666666667	False	False	False	False	False	False	False
5	6016719	44	37	22	34.333333333333336	False	False	False	False	False	False	False
5	8017470	99	100	97	98.66666666666667	True	True	True	True	True	True	True
5	8017589	100	94	81	91.66666666666667	True	True	True	True	True	True	True
5	8017599	100	94	81	91.66666666666667	True	True	True	True	True	True	True
5	8017653	100	88	95	94.33333333333333	True	True	True	True	True	True	True
5	8018093	98	100	94	97.33333333333333	True	True	True	True	True	True	True
5	8019295	100	100	95	98.33333333333333	True	True	True	True	True	True	True
5	8019633	99	97	100	98.66666666666667	True	True	True	True	True	True	True
5	8019652	98	97	100	98.33333333333333	True	True	True	True	True	True	True
5	8020403	32	90	71	64.33333333333333	False	True	False	True	False	False	False
5	8020404	32	90	71	64.33333333333333	False	True	False	True	False	False	False
5	8020454	36	86	69	63.666666666666664	False	True	False	True	False	False	False
5	8020458	36	86	69	63.666666666666664	False	True	False	True	False	False	False
5	8020459	36	86	69	63.666666666666664	False	True	False	True	False	False	False
5	8020512	85	95	94	91.33333333333333	True	True	True	True	True	True	True
5	8021175	90	76	73	79.66666666666667	True	False	False	True	False	False	False
5	8021456	21	11	9	13.666666666666666	False	False	False	False	False	False	False
5	8021486	53	33	26	37.333333333333336	False	False	False	False	False	False	False
5	8022924	52	77	69	66.0	False	False	False	False	False	False	False
5	8023664	89	69	86	81.33333333333333	True	False	True	True	True	False	True
5	8024003	98	99	96	97.66666666666667	True	True	True	True	True	True	True
5	8739932	5	5	4	4.666666666666667	False	False	False	False	False	False	False
5	16649258	52	76	31	53.0	False	False	False	False	False	False	False
5	16649293	35	22	33	30.0	False	False	False	False	False	False	False
5	16919819	100	99	100	99.66666666666667	True	True	True	True	True	True	True
5	16919992	100	100	100	100.0	True	True	True	True	True	True	True
5	17191835	11	46	37	31.333333333333332	False	False	False	False	False	False	False
5	18472345	30	49	51	43.333333333333336	False	False	False	False	False	False	False
5	23368546	19	26	25	23.333333333333332	False	False	False	False	False	False	False
5	23368606	43	54	58	51.666666666666664	False	False	False	False	False	False	False
5	23368742	15	33	13	20.333333333333332	False	False	False	False	False	False	False
5	23373708	15	18	18	17.0	False	False	False	False	False	False	False
5	24121480	81	51	51	61.0	True	False	False	True	False	False	False
5	26815983	50	40	52	47.333333333333336	False	False	False	False	False	False	False
5	29637400	98	95	96	96.33333333333333	True	True	True	True	True	True	True
5	29637695	98	95	99	97.33333333333333	True	True	True	True	True	True	True
5	84448958	66	71	67	68.0	False	False	False	False	False	False	False
5	91555338	0	1	7	2.6666666666666665	False	False	False	False	False	False	False
5	100965589	3	1	6	3.3333333333333335	False	False	False	False	False	False	False
5	102025214	0	1	0	0.3333333333333333	False	False	False	False	False	False	False
5	108607038	45	65	49	53.0	False	False	False	False	False	False	False
5	114989301	50	30	63	47.666666666666664	False	False	False	False	False	False	False
5	121255247	64	84	82	76.66666666666667	False	True	True	True	True	False	False
5	125188051	53	31	26	36.666666666666664	False	False	False	False	False	False	False
5	128282115	83	65	86	78.0	True	False	True	True	True	False	False
5	128306279	31	3	38	24.0	False	False	False	False	False	False	False
5	128307611	0	0	0	0.0	False	False	False	False	False	False	False
5	128308100	30	32	16	26.0	False	False	False	False	False	False	False
5	128308518	3	0	23	8.666666666666666	False	False	False	False	False	False	False
5	128519694	56	76	85	72.33333333333333	False	False	True	True	False	False	False
5	128522484	62	65	21	49.333333333333336	False	False	False	False	False	False	False
5	146643213	18	30	26	24.666666666666668	False	False	False	False	False	False	False
5	150224952	71	74	86	77.0	False	False	True	True	False	False	False
5	151474693	59	42	38	46.333333333333336	False	False	False	False	False	False	False
5	157520824	1	0	0	0.3333333333333333	False	False	False	False	False	False	False
5	159119145	20	38	41	33.0	False	False	False	False	False	False	False
5	162642524	70	69	80	73.0	False	False	False	False	False	False	False
5	162645158	23	60	41	41.333333333333336	False	False	False	False	False	False	False
5	165080425	7	54	4	21.666666666666668	False	False	False	False	False	False	False
5	171532333	43	39	42	41.333333333333336	False	False	False	False	False	False	False
5	174657615	51	65	37	51.0	False	False	False	False	False	False	False
5	178641578	9	8	0	5.666666666666667	False	False	False	False	False	False	False
5	178900471	42	53	29	41.333333333333336	False	False	False	False	False	False	False
6	3264101	0	0	0	0.0	False	False	False	False	False	False	False
6	4414707	30	25	48	34.333333333333336	False	False	False	False	False	False	False
6	8010768	0	5	3	2.6666666666666665	False	False	False	False	False	False	False
6	8038863	29	33	42	34.666666666666664	False	False	False	False	False	False	False
6	8444583	36	33	19	29.333333333333332	False	False	False	False	False	False	False
6	11402048	60	65	75	66.66666666666667	False	False	False	False	False	False	False
6	11402933	0	0	0	0.0	False	False	False	False	False	False	False
6	39240639	75	73	68	72.0	False	False	False	False	False	False	False
6	40704427	7	7	3	5.666666666666667	False	False	False	False	False	False	False
6	64827523	19	30	31	26.666666666666668	False	False	False	False	False	False	False
6	74613213	42	65	80	62.333333333333336	False	False	False	False	False	False	False
6	74628560	31	18	18	22.333333333333332	False	False	False	False	False	False	False
6	79182375	0	0	0	0.0	False	False	False	False	False	False	False
6	82044542	61	25	88	58.0	False	False	True	True	False	False	False
6	103932987	43	22	32	32.333333333333336	False	False	False	False	False	False	False
6	111965632	81	42	2	41.666666666666664	True	False	False	True	False	False	False
6	112526078	51	39	45	45.0	False	False	False	False	False	False	False
6	130583350	73	61	77	70.33333333333333	False	False	False	False	False	False	False
6	131804334	45	33	62	46.666666666666664	False	False	False	False	False	False	False
6	131806423	67	51	36	51.333333333333336	False	False	False	False	False	False	False
6	132211763	44	17	46	35.666666666666664	False	False	False	False	False	False	False
6	138689511	2	1	7	3.3333333333333335	False	False	False	False	False	False	False
6	143889241	3	3	6	4.0	False	False	False	False	False	False	False
6	143896358	32	46	50	42.666666666666664	False	False	False	False	False	False	False
6	143896897	24	43	29	32.0	False	False	False	False	False	False	False
6	150409088	22	31	20	24.333333333333332	False	False	False	False	False	False	False
6	158128039	1	22	11	11.333333333333334	False	False	False	False	False	False	False
6	158130888	22	30	38	30.0	False	False	False	False	False	False	False
6	158642796	67	74	59	66.66666666666667	False	False	False	False	False	False	False
6	158687904	25	24	39	29.333333333333332	False	False	False	False	False	False	False
6	159567658	67	44	31	47.333333333333336	False	False	False	False	False	False	False
6	164400644	31	25	20	25.333333333333332	False	False	False	False	False	False	False
6	165275367	37	23	44	34.666666666666664	False	False	False	False	False	False	False
6	166673913	95	97	93	95.0	True	True	True	True	True	True	True
7	1200568	0	0	0	0.0	False	False	False	False	False	False	False
7	6351032	2	5	24	10.333333333333334	False	False	False	False	False	False	False
7	8679760	65	70	58	64.33333333333333	False	False	False	False	False	False	False
7	8683240	60	42	73	58.333333333333336	False	False	False	False	False	False	False
7	8683792	0	0	3	1.0	False	False	False	False	False	False	False
7	8699615	10	23	20	17.666666666666668	False	False	False	False	False	False	False
7	8975369	13	24	11	16.0	False	False	False	False	False	False	False
7	11326050	2	7	7	5.333333333333333	False	False	False	False	False	False	False
7	11920521	20	3	10	11.0	False	False	False	False	False	False	False
7	19626523	11	2	34	15.666666666666666	False	False	False	False	False	False	False
7	19817016	64	53	65	60.666666666666664	False	False	False	False	False	False	False
7	19912040	87	64	83	78.0	True	False	True	True	True	False	False
7	32245473	38	79	40	52.333333333333336	False	False	False	False	False	False	False
7	36546976	2	0	2	1.3333333333333333	False	False	False	False	False	False	False
7	36547139	3	9	5	5.666666666666667	False	False	False	False	False	False	False
7	36547245	95	87	64	82.0	True	True	False	True	True	False	True
7	54134399	32	45	33	36.666666666666664	False	False	False	False	False	False	False
7	68189716	61	67	53	60.333333333333336	False	False	False	False	False	False	False
7	81109299	59	73	62	64.66666666666667	False	False	False	False	False	False	False
7	86617284	31	17	35	27.666666666666668	False	False	False	False	False	False	False
7	95182014	70	74	62	68.66666666666667	False	False	False	False	False	False	False
7	107918836	22	25	15	20.666666666666668	False	False	False	False	False	False	False
7	147161450	6	1	3	3.3333333333333335	False	False	False	False	False	False	False
7	158533002	2	9	15	8.666666666666666	False	False	False	False	False	False	False
7	158537244	64	84	84	77.33333333333333	False	True	True	True	True	False	False
8	3139964	66	57	80	67.66666666666667	False	False	False	False	False	False	False
8	4794834	1	12	9	7.333333333333333	False	False	False	False	False	False	False
8	5611342	23	65	28	38.666666666666664	False	False	False	False	False	False	False
8	8561452	26	34	9	23.0	False	False	False	False	False	False	False
8	15064765	60	54	70	61.333333333333336	False	False	False	False	False	False	False
8	15298787	78	78	67	74.33333333333333	False	False	False	False	False	False	False
8	21455324	85	90	90	88.33333333333333	True	True	True	True	True	True	True
8	23402878	60	39	41	46.666666666666664	False	False	False	False	False	False	False
8	23411778	85	65	58	69.33333333333333	True	False	False	True	False	False	False
8	25054160	76	61	67	68.0	False	False	False	False	False	False	False
8	39799648	0	1	1	0.6666666666666666	False	False	False	False	False	False	False
8	40363353	18	21	32	23.666666666666668	False	False	False	False	False	False	False
8	40367713	52	63	45	53.333333333333336	False	False	False	False	False	False	False
8	54528520	75	92	89	85.33333333333333	False	True	True	True	True	False	True
8	54529100	52	50	97	66.33333333333333	False	False	True	True	False	False	False
8	54579588	1	1	0	0.6666666666666666	False	False	False	False	False	False	False
8	56406923	59	29	42	43.333333333333336	False	False	False	False	False	False	False
8	56409748	74	50	72	65.33333333333333	False	False	False	False	False	False	False
8	61212751	7	10	8	8.333333333333334	False	False	False	False	False	False	False
8	63887480	22	13	23	19.333333333333332	False	False	False	False	False	False	False
8	74978724	75	82	88	81.66666666666667	False	True	True	True	True	False	True
8	83279723	32	40	8	26.666666666666668	False	False	False	False	False	False	False
8	108668787	22	30	18	23.333333333333332	False	False	False	False	False	False	False
8	120860230	84	85	68	79.0	True	True	False	True	True	False	False
8	122061193	14	37	30	27.0	False	False	False	False	False	False	False
8	141458223	13	25	21	19.666666666666668	False	False	False	False	False	False	False
8	144209692	66	49	49	54.666666666666664	False	False	False	False	False	False	False
9	4658369	2	18	17	12.333333333333334	False	False	False	False	False	False	False
9	7215204	72	88	91	83.66666666666667	False	True	True	True	True	False	True
9	8311692	36	74	26	45.333333333333336	False	False	False	False	False	False	False
9	8754027	94	0	25	39.666666666666664	True	False	False	True	False	False	False
9	8756329	0	0	0	0.0	False	False	False	False	False	False	False
9	29556759	52	49	34	45.0	False	False	False	False	False	False	False
9	31706527	5	2	1	2.6666666666666665	False	False	False	False	False	False	False
9	31975249	58	45	42	48.333333333333336	False	False	False	False	False	False	False
9	31980109	15	21	12	16.0	False	False	False	False	False	False	False
9	31985570	18	45	27	30.0	False	False	False	False	False	False	False
9	71690246	59	62	49	56.666666666666664	False	False	False	False	False	False	False
9	87176031	20	26	14	20.0	False	False	False	False	False	False	False
9	91259260	16	19	28	21.0	False	False	False	False	False	False	False
9	106949575	1	2	5	2.6666666666666665	False	False	False	False	False	False	False
9	118329681	28	29	25	27.333333333333332	False	False	False	False	False	False	False
9	120614691	66	87	81	78.0	False	True	True	True	True	False	False
9	124603372	25	25	28	26.0	False	False	False	False	False	False	False
9	126961448	17	20	9	15.333333333333334	False	False	False	False	False	False	False
9	136143120	0	0	0	0.0	False	False	False	False	False	False	False
9	136412346	56	72	39	55.666666666666664	False	False	False	False	False	False	False
9	136413499	21	35	18	24.666666666666668	False	False	False	False	False	False	False
9	137919439	48	37	28	37.666666666666664	False	False	False	False	False	False	False
10	3077270	1	27	61	29.666666666666668	False	False	False	False	False	False	False
10	3968443	0	0	0	0.0	False	False	False	False	False	False	False
10	7013281	48	13	49	36.666666666666664	False	False	False	False	False	False	False
10	9514887	73	63	33	56.333333333333336	False	False	False	False	False	False	False
10	9518670	68	36	48	50.666666666666664	False	False	False	False	False	False	False
10	15590969	3	24	7	11.333333333333334	False	False	False	False	False	False	False
10	24659263	44	31	20	31.666666666666668	False	False	False	False	False	False	False
10	25593349	99	100	100	99.66666666666667	True	True	True	True	True	True	True
10	25593541	97	86	73	85.33333333333333	True	True	False	True	True	False	True
10	25648263	20	39	19	26.0	False	False	False	False	False	False	False
10	26184344	85	80	81	82.0	True	False	True	True	True	False	True
10	26285136	0	9	40	16.333333333333332	False	False	False	False	False	False	False
10	26332681	20	45	26	30.333333333333332	False	False	False	False	False	False	False
10	26332856	31	31	34	32.0	False	False	False	False	False	False	False
10	26342327	52	22	30	34.666666666666664	False	False	False	False	False	False	False
10	26344103	30	78	53	53.666666666666664	False	False	False	False	False	False	False
10	27506773	25	28	24	25.666666666666668	False	False	False	False	False	False	False
10	29841407	77	30	35	47.333333333333336	False	False	False	False	False	False	False
10	29841440	63	26	51	46.666666666666664	False	False	False	False	False	False	False
10	55130065	9	43	35	29.0	False	False	False	False	False	False	False
10	55817673	22	22	18	20.666666666666668	False	False	False	False	False	False	False
10	58548623	46	66	57	56.333333333333336	False	False	False	False	False	False	False
10	59295237	76	47	56	59.666666666666664	False	False	False	False	False	False	False
10	59743156	72	59	73	68.0	False	False	False	False	False	False	False
10	59743375	93	69	86	82.66666666666667	True	False	True	True	True	False	True
10	59744002	44	79	45	56.0	False	False	False	False	False	False	False
10	59781837	11	15	14	13.333333333333334	False	False	False	False	False	False	False
10	59788632	15	8	40	21.0	False	False	False	False	False	False	False
10	60279701	75	93	41	69.66666666666667	False	True	False	True	False	False	False
10	62623360	81	85	95	87.0	True	True	True	True	True	True	True
10	67278595	78	97	100	91.66666666666667	False	True	True	True	True	False	True
10	67279509	98	96	95	96.33333333333333	True	True	True	True	True	True	True
10	85224231	21	31	4	18.666666666666668	False	False	False	False	False	False	False
10	95598687	65	72	36	57.666666666666664	False	False	False	False	False	False	False
10	95605517	21	42	12	25.0	False	False	False	False	False	False	False
10	95605830	17	39	24	26.666666666666668	False	False	False	False	False	False	False
10	107036617	4	17	5	8.666666666666666	False	False	False	False	False	False	False
10	115325092	0	0	0	0.0	False	False	False	False	False	False	False
10	118255747	73	52	71	65.33333333333333	False	False	False	False	False	False	False
10	118256434	51	43	19	37.666666666666664	False	False	False	False	False	False	False
10	118259283	56	24	42	40.666666666666664	False	False	False	False	False	False	False
10	123773827	66	54	61	60.333333333333336	False	False	False	False	False	False	False
10	123880823	4	10	1	5.0	False	False	False	False	False	False	False
10	123882534	3	7	3	4.333333333333333	False	False	False	False	False	False	False
10	125675414	56	36	34	42.0	False	False	False	False	False	False	False
10	127116552	93	69	64	75.33333333333333	True	False	False	True	False	False	False
10	127116756	25	34	63	40.666666666666664	False	False	False	False	False	False	False
10	127667412	43	63	89	65.0	False	False	True	True	False	False	False
10	127734382	16	1	1	6.0	False	False	False	False	False	False	False
10	129511680	0	2	1	1.0	False	False	False	False	False	False	False
10	129516616	16	12	17	15.0	False	False	False	False	False	False	False
10	132284225	29	19	28	25.333333333333332	False	False	False	False	False	False	False
10	132883127	88	69	94	83.66666666666667	True	False	True	True	True	False	True
10	132948199	17	16	19	17.333333333333332	False	False	False	False	False	False	False
10	133082602	36	30	42	36.0	False	False	False	False	False	False	False
10	133919705	40	60	60	53.333333333333336	False	False	False	False	False	False	False
11	4791934	3	3	3	3.0	False	False	False	False	False	False	False
11	5190598	12	13	8	11.0	False	False	False	False	False	False	False
11	5373738	96	92	98	95.33333333333333	True	True	True	True	True	True	True
11	5425847	69	60	44	57.666666666666664	False	False	False	False	False	False	False
11	5431041	21	8	9	12.666666666666666	False	False	False	False	False	False	False
11	11367529	20	17	12	16.333333333333332	False	False	False	False	False	False	False
11	13105220	68	67	82	72.33333333333333	False	False	True	True	False	False	False
11	24168665	2	0	3	1.6666666666666667	False	False	False	False	False	False	False
11	24170632	25	50	47	40.666666666666664	False	False	False	False	False	False	False
11	24791431	90	87	77	84.66666666666667	True	True	False	True	True	False	True
11	24791985	83	88	82	84.33333333333333	True	True	True	True	True	True	True
11	24792057	84	88	84	85.33333333333333	True	True	True	True	True	True	True
11	24794582	21	17	33	23.666666666666668	False	False	False	False	False	False	False
11	26011361	35	17	15	22.333333333333332	False	False	False	False	False	False	False
11	26109484	10	10	14	11.333333333333334	False	False	False	False	False	False	False
11	40545740	88	28	26	47.333333333333336	True	False	False	True	False	False	False
11	44431850	39	43	55	45.666666666666664	False	False	False	False	False	False	False
11	79981240	7	7	3	5.666666666666667	False	False	False	False	False	False	False
11	82365378	26	31	19	25.333333333333332	False	False	False	False	False	False	False
11	88480491	66	64	83	71.0	False	False	True	True	False	False	False
11	97917576	14	0	5	6.333333333333333	False	False	False	False	False	False	False
11	99505250	13	4	2	6.333333333333333	False	False	False	False	False	False	False
11	99508379	72	54	66	64.0	False	False	False	False	False	False	False
11	100824350	51	60	41	50.666666666666664	False	False	False	False	False	False	False
11	103213888	13	26	16	18.333333333333332	False	False	False	False	False	False	False
11	103214225	49	55	49	51.0	False	False	False	False	False	False	False
11	103783011	37	44	37	39.333333333333336	False	False	False	False	False	False	False
11	115969151	49	49	70	56.0	False	False	False	False	False	False	False
11	122584090	24	29	33	28.666666666666668	False	False	False	False	False	False	False
11	129448878	7	4	5	5.333333333333333	False	False	False	False	False	False	False
11	130973046	6	3	7	5.333333333333333	False	False	False	False	False	False	False
11	131468911	58	62	38	52.666666666666664	False	False	False	False	False	False	False
11	133338872	99	100	99	99.33333333333333	True	True	True	True	True	True	True
12	17883756	37	29	40	35.333333333333336	False	False	False	False	False	False	False
12	17884993	55	45	38	46.0	False	False	False	False	False	False	False
12	20185739	72	51	47	56.666666666666664	False	False	False	False	False	False	False
12	25129360	0	0	0	0.0	False	False	False	False	False	False	False
12	28990099	10	4	13	9.0	False	False	False	False	False	False	False
12	28990153	53	11	48	37.333333333333336	False	False	False	False	False	False	False
12	29641983	50	69	70	63.0	False	False	False	False	False	False	False
12	32389969	66	80	80	75.33333333333333	False	False	False	False	False	False	False
12	32390376	56	79	71	68.66666666666667	False	False	False	False	False	False	False
12	33380754	24	26	0	16.666666666666668	False	False	False	False	False	False	False
12	39134621	0	2	8	3.3333333333333335	False	False	False	False	False	False	False
12	41993858	28	37	25	30.0	False	False	False	False	False	False	False
12	44300467	68	74	58	66.66666666666667	False	False	False	False	False	False	False
12	47727196	5	0	0	1.6666666666666667	False	False	False	False	False	False	False
12	47727368	69	74	80	74.33333333333333	False	False	False	False	False	False	False
12	47727590	0	87	21	36.0	False	True	False	True	False	False	False
12	47942119	0	0	9	3.0	False	False	False	False	False	False	False
12	53027007	70	60	56	62.0	False	False	False	False	False	False	False
12	55346421	31	12	29	24.0	False	False	False	False	False	False	False
12	61786568	18	1	18	12.333333333333334	False	False	False	False	False	False	False
12	71762281	71	60	73	68.0	False	False	False	False	False	False	False
12	73205714	26	17	0	14.333333333333334	False	False	False	False	False	False	False
12	73209631	16	53	42	37.0	False	False	False	False	False	False	False
12	78996402	30	52	2	28.0	False	False	False	False	False	False	False
12	78997069	28	50	45	41.0	False	False	False	False	False	False	False
12	86140226	15	3	18	12.0	False	False	False	False	False	False	False
12	95805247	18	27	38	27.666666666666668	False	False	False	False	False	False	False
12	108420224	35	28	37	33.333333333333336	False	False	False	False	False	False	False
12	119536289	20	15	31	22.0	False	False	False	False	False	False	False
12	125315507	54	73	82	69.66666666666667	False	False	True	True	False	False	False
12	129882795	25	9	17	17.0	False	False	False	False	False	False	False
12	129883681	27	4	19	16.666666666666668	False	False	False	False	False	False	False
12	131232989	61	40	65	55.333333333333336	False	False	False	False	False	False	False
12	131233395	58	64	55	59.0	False	False	False	False	False	False	False
12	131246896	55	64	55	58.0	False	False	False	False	False	False	False
12	131474317	58	26	38	40.666666666666664	False	False	False	False	False	False	False
13	22494297	86	0	0	28.666666666666668	True	False	False	True	False	False	False
13	27304568	15	12	7	11.333333333333334	False	False	False	False	False	False	False
13	28264764	25	31	37	31.0	False	False	False	False	False	False	False
13	36315922	46	45	57	49.333333333333336	False	False	False	False	False	False	False
13	37970955	41	55	45	47.0	False	False	False	False	False	False	False
13	37973335	94	94	98	95.33333333333333	True	True	True	True	True	True	True
13	39531410	0	7	6	4.333333333333333	False	False	False	False	False	False	False
13	39532100	24	19	15	19.333333333333332	False	False	False	False	False	False	False
13	59433547	90	97	100	95.66666666666667	True	True	True	True	True	True	True
13	59439991	0	3	1	1.3333333333333333	False	False	False	False	False	False	False
13	59450873	16	43	22	27.0	False	False	False	False	False	False	False
13	60014052	0	0	0	0.0	False	False	False	False	False	False	False
13	60014076	45	79	72	65.33333333333333	False	False	False	False	False	False	False
13	61162067	16	24	13	17.666666666666668	False	False	False	False	False	False	False
13	64000261	0	0	0	0.0	False	False	False	False	False	False	False
13	74300726	98	74	96	89.33333333333333	True	False	True	True	True	False	True
13	86341536	36	57	65	52.666666666666664	False	False	False	False	False	False	False
13	93700168	29	22	39	30.0	False	False	False	False	False	False	False
13	96134632	69	61	62	64.0	False	False	False	False	False	False	False
13	96137741	46	56	75	59.0	False	False	False	False	False	False	False
13	98755494	35	50	35	40.0	False	False	False	False	False	False	False
13	100726695	0	23	0	7.666666666666667	False	False	False	False	False	False	False
13	100729869	12	49	24	28.333333333333332	False	False	False	False	False	False	False
13	100735563	19	0	42	20.333333333333332	False	False	False	False	False	False	False
13	105119275	66	38	48	50.666666666666664	False	False	False	False	False	False	False
13	106544789	49	28	10	29.0	False	False	False	False	False	False	False
13	106707276	26	17	12	18.333333333333332	False	False	False	False	False	False	False
13	112893070	5	2	5	4.0	False	False	False	False	False	False	False
13	112893987	0	1	3	1.3333333333333333	False	False	False	False	False	False	False
13	113616592	3	6	5	4.666666666666667	False	False	False	False	False	False	False
14	22758552	90	82	88	86.66666666666667	True	True	True	True	True	True	True
14	23102439	65	48	49	54.0	False	False	False	False	False	False	False
14	24249394	95	60	73	76.0	True	False	False	True	False	False	False
14	24252487	15	32	56	34.333333333333336	False	False	False	False	False	False	False
14	24942705	24	24	17	21.666666666666668	False	False	False	False	False	False	False
14	24947136	35	35	37	35.666666666666664	False	False	False	False	False	False	False
14	34715771	46	50	31	42.333333333333336	False	False	False	False	False	False	False
14	34719263	25	52	62	46.333333333333336	False	False	False	False	False	False	False
14	40108713	20	35	18	24.333333333333332	False	False	False	False	False	False	False
14	48754931	0	2	24	8.666666666666666	False	False	False	False	False	False	False
14	48760293	9	13	10	10.666666666666666	False	False	False	False	False	False	False
14	48766729	54	39	24	39.0	False	False	False	False	False	False	False
14	72813956	74	66	69	69.66666666666667	False	False	False	False	False	False	False
14	83274627	35	49	39	41.0	False	False	False	False	False	False	False
14	89538401	87	96	91	91.33333333333333	True	True	True	True	True	True	True
14	89539744	67	77	81	75.0	False	False	True	True	False	False	False
14	106529056	32	0	0	10.666666666666666	False	False	False	False	False	False	False
15	33430022	70	53	82	68.33333333333333	False	False	True	True	False	False	False
15	33432602	31	39	55	41.666666666666664	False	False	False	False	False	False	False
15	34034421	27	39	39	35.0	False	False	False	False	False	False	False
15	54984861	100	91	72	87.66666666666667	True	True	False	True	True	False	True
15	60594999	42	26	25	31.0	False	False	False	False	False	False	False
15	89374114	33	5	47	28.333333333333332	False	False	False	False	False	False	False
15	94366986	87	60	71	72.66666666666667	True	False	False	True	False	False	False
15	97442668	0	0	0	0.0	False	False	False	False	False	False	False
15	98369580	61	62	75	66.0	False	False	False	False	False	False	False
15	98608526	16	31	9	18.666666666666668	False	False	False	False	False	False	False
16	1911434	26	33	11	23.333333333333332	False	False	False	False	False	False	False
16	1912868	62	9	67	46.0	False	False	False	False	False	False	False
16	1912995	5	5	27	12.333333333333334	False	False	False	False	False	False	False
16	1914787	13	7	5	8.333333333333334	False	False	False	False	False	False	False
16	5604096	33	22	35	30.0	False	False	False	False	False	False	False
16	5605114	76	87	88	83.66666666666667	False	True	True	True	True	False	True
16	6505174	16	23	15	18.0	False	False	False	False	False	False	False
16	6926755	62	64	64	63.333333333333336	False	False	False	False	False	False	False
16	7091430	70	6	48	41.333333333333336	False	False	False	False	False	False	False
16	8534489	0	0	0	0.0	False	False	False	False	False	False	False
16	8710085	0	0	0	0.0	False	False	False	False	False	False	False
16	8753058	0	0	0	0.0	False	False	False	False	False	False	False
16	9809020	48	54	47	49.666666666666664	False	False	False	False	False	False	False
16	26512947	6	22	29	19.0	False	False	False	False	False	False	False
16	54773596	76	83	68	75.66666666666667	False	True	False	True	False	False	False
16	78376201	7	21	6	11.333333333333334	False	False	False	False	False	False	False
16	78487452	37	91	88	72.0	False	True	True	True	True	False	False
16	78488838	61	55	68	61.333333333333336	False	False	False	False	False	False	False
16	79549403	1	5	0	2.0	False	False	False	False	False	False	False
16	79881617	0	0	0	0.0	False	False	False	False	False	False	False
16	81274833	28	7	26	20.333333333333332	False	False	False	False	False	False	False
16	81906193	61	71	57	63.0	False	False	False	False	False	False	False
16	83142486	43	60	58	53.666666666666664	False	False	False	False	False	False	False
16	85967744	19	19	14	17.333333333333332	False	False	False	False	False	False	False
16	87207621	72	85	58	71.66666666666667	False	True	False	True	False	False	False
16	87667136	1	9	45	18.333333333333332	False	False	False	False	False	False	False
17	1148810	0	0	0	0.0	False	False	False	False	False	False	False
17	3619386	0	3	3	2.0	False	False	False	False	False	False	False
17	5777202	50	13	58	40.333333333333336	False	False	False	False	False	False	False
17	8253533	1	19	30	16.666666666666668	False	False	False	False	False	False	False
17	8254238	14	26	29	23.0	False	False	False	False	False	False	False
17	9649460	68	41	41	50.0	False	False	False	False	False	False	False
17	9700357	1	6	4	3.6666666666666665	False	False	False	False	False	False	False
17	11304945	50	32	39	40.333333333333336	False	False	False	False	False	False	False
17	13787031	4	29	68	33.666666666666664	False	False	False	False	False	False	False
17	33563709	48	49	33	43.333333333333336	False	False	False	False	False	False	False
17	39630001	22	20	49	30.333333333333332	False	False	False	False	False	False	False
17	50338821	36	36	26	32.666666666666664	False	False	False	False	False	False	False
17	50938970	47	11	23	27.0	False	False	False	False	False	False	False
17	50939682	56	39	29	41.333333333333336	False	False	False	False	False	False	False
17	58829124	78	84	83	81.66666666666667	False	True	True	True	True	False	True
17	70908606	98	88	98	94.66666666666667	True	True	True	True	True	True	True
17	70908616	53	35	67	51.666666666666664	False	False	False	False	False	False	False
17	70908702	73	78	76	75.66666666666667	False	False	False	False	False	False	False
17	70908780	56	64	53	57.666666666666664	False	False	False	False	False	False	False
17	75250091	23	1	0	8.0	False	False	False	False	False	False	False
17	80665283	30	36	23	29.666666666666668	False	False	False	False	False	False	False
18	3953492	45	41	47	44.333333333333336	False	False	False	False	False	False	False
18	5029744	16	14	29	19.666666666666668	False	False	False	False	False	False	False
18	5962163	0	0	0	0.0	False	False	False	False	False	False	False
18	10359548	91	36	62	63.0	True	False	False	True	False	False	False
18	12002963	50	51	64	55.0	False	False	False	False	False	False	False
18	28726499	13	19	7	13.0	False	False	False	False	False	False	False
18	28815345	6	6	8	6.666666666666667	False	False	False	False	False	False	False
18	28890742	11	42	18	23.666666666666668	False	False	False	False	False	False	False
18	29076049	4	27	16	15.666666666666666	False	False	False	False	False	False	False
18	47278147	64	28	49	47.0	False	False	False	False	False	False	False
18	51438708	3	8	11	7.333333333333333	False	False	False	False	False	False	False
18	58462588	30	32	10	24.0	False	False	False	False	False	False	False
18	64894937	0	4	1	1.6666666666666667	False	False	False	False	False	False	False
18	66038094	59	84	80	74.33333333333333	False	True	False	True	False	False	False
18	70609904	52	67	68	62.333333333333336	False	False	False	False	False	False	False
19	6195234	84	69	75	76.0	True	False	False	True	False	False	False
19	6282803	24	2	15	13.666666666666666	False	False	False	False	False	False	False
19	6783063	33	15	20	22.666666666666668	False	False	False	False	False	False	False
19	7698653	22	44	24	30.0	False	False	False	False	False	False	False
19	22710257	42	25	46	37.666666666666664	False	False	False	False	False	False	False
19	22710420	79	67	64	70.0	False	False	False	False	False	False	False
19	29313677	68	91	63	74.0	False	True	False	True	False	False	False
19	29821569	13	16	23	17.333333333333332	False	False	False	False	False	False	False
19	29840591	0	0	5	1.6666666666666667	False	False	False	False	False	False	False
19	29840658	16	2	3	7.0	False	False	False	False	False	False	False
19	32136270	11	18	33	20.666666666666668	False	False	False	False	False	False	False
19	32139081	4	3	5	4.0	False	False	False	False	False	False	False
19	35676265	8	9	16	11.0	False	False	False	False	False	False	False
19	39538324	90	72	62	74.66666666666667	True	False	False	True	False	False	False
19	39538854	57	63	72	64.0	False	False	False	False	False	False	False
19	48513820	3	0	0	1.0	False	False	False	False	False	False	False
19	48536600	78	65	75	72.66666666666667	False	False	False	False	False	False	False
19	48536743	51	40	79	56.666666666666664	False	False	False	False	False	False	False
19	49886729	31	26	37	31.333333333333332	False	False	False	False	False	False	False
19	52177917	1	3	0	1.3333333333333333	False	False	False	False	False	False	False
20	5875222	16	27	16	19.666666666666668	False	False	False	False	False	False	False
20	7605481	80	55	72	69.0	False	False	False	False	False	False	False
20	8812409	32	11	11	18.0	False	False	False	False	False	False	False
20	50674712	74	73	68	71.66666666666667	False	False	False	False	False	False	False
20	51161408	61	24	35	40.0	False	False	False	False	False	False	False
20	52095390	81	71	77	76.33333333333333	True	False	False	True	False	False	False
20	52745040	13	8	2	7.666666666666667	False	False	False	False	False	False	False
20	52817810	92	84	96	90.66666666666667	True	True	True	True	True	True	True
20	53433460	12	19	33	21.333333333333332	False	False	False	False	False	False	False
20	55456644	73	82	73	76.0	False	True	False	True	False	False	False
20	59606364	67	66	13	48.666666666666664	False	False	False	False	False	False	False
20	59920447	59	37	71	55.666666666666664	False	False	False	False	False	False	False
20	59934009	48	9	56	37.666666666666664	False	False	False	False	False	False	False
20	59934631	1	0	10	3.6666666666666665	False	False	False	False	False	False	False
20	59975893	54	50	56	53.333333333333336	False	False	False	False	False	False	False
20	60011044	16	27	21	21.333333333333332	False	False	False	False	False	False	False
20	61710888	22	28	12	20.666666666666668	False	False	False	False	False	False	False
20	61712164	20	11	6	12.333333333333334	False	False	False	False	False	False	False
20	62137648	0	2	1	1.0	False	False	False	False	False	False	False
20	62166775	3	2	0	1.6666666666666667	False	False	False	False	False	False	False
21	19272474	14	0	0	4.666666666666667	False	False	False	False	False	False	False
21	20437683	30	18	48	32.0	False	False	False	False	False	False	False
21	21677669	3	26	22	17.0	False	False	False	False	False	False	False
21	21827039	8	13	20	13.666666666666666	False	False	False	False	False	False	False
21	21902525	66	53	56	58.333333333333336	False	False	False	False	False	False	False
21	21902800	30	41	51	40.666666666666664	False	False	False	False	False	False	False
21	23379740	19	46	26	30.333333333333332	False	False	False	False	False	False	False
21	24976579	57	50	62	56.333333333333336	False	False	False	False	False	False	False
21	24976746	29	1	19	16.333333333333332	False	False	False	False	False	False	False
21	25458410	13	37	20	23.333333333333332	False	False	False	False	False	False	False
21	30114790	54	35	53	47.333333333333336	False	False	False	False	False	False	False
21	31626762	17	7	10	11.333333333333334	False	False	False	False	False	False	False
21	41132612	65	69	49	61.0	False	False	False	False	False	False	False
21	41205117	66	66	89	73.66666666666667	False	False	True	True	False	False	False
21	41205924	86	74	99	86.33333333333333	True	False	True	True	True	False	True
21	41206052	98	91	100	96.33333333333333	True	True	True	True	True	True	True
21	41206282	87	96	89	90.66666666666667	True	True	True	True	True	True	True
21	41206344	82	96	90	89.33333333333333	True	True	True	True	True	True	True
21	41206450	88	100	92	93.33333333333333	True	True	True	True	True	True	True
21	41206455	88	100	92	93.33333333333333	True	True	True	True	True	True	True
21	41206922	16	71	75	54.0	False	False	False	False	False	False	False
21	41207039	42	83	97	74.0	False	True	True	True	True	False	False
21	41207292	93	97	87	92.33333333333333	True	True	True	True	True	True	True
21	41207370	84	91	90	88.33333333333333	True	True	True	True	True	True	True
21	41207549	100	100	100	100.0	True	True	True	True	True	True	True
21	41207601	71	48	34	51.0	False	False	False	False	False	False	False
21	41207783	12	25	22	19.666666666666668	False	False	False	False	False	False	False
21	41207829	45	51	42	46.0	False	False	False	False	False	False	False
21	41207929	64	50	60	58.0	False	False	False	False	False	False	False
21	41208471	94	88	94	92.0	True	True	True	True	True	True	True
21	41208709	98	96	96	96.66666666666667	True	True	True	True	True	True	True
21	41208874	99	98	97	98.0	True	True	True	True	True	True	True
21	42818106	54	44	64	54.0	False	False	False	False	False	False	False
21	44465348	50	35	0	28.333333333333332	False	False	False	False	False	False	False
22	17905851	77	71	41	63.0	False	False	False	False	False	False	False
22	24164467	7	6	11	8.0	False	False	False	False	False	False	False
22	35454822	57	33	60	50.0	False	False	False	False	False	False	False
22	44932877	54	58	73	61.666666666666664	False	False	False	False	False	False	False
22	47441201	63	17	65	48.333333333333336	False	False	False	False	False	False	False
22	48365296	8	11	11	10.0	False	False	False	False	False	False	False
22	49106436	28	51	55	44.666666666666664	False	False	False	False	False	False	False
22	49337499	38	18	34	30.0	False	False	False	False	False	False	False
22	49337503	38	20	35	31.0	False	False	False	False	False	False	False
22	49338229	83	7	68	52.666666666666664	True	False	False	True	False	False	False
